-- phpMyAdmin SQL Dump
-- version 4.9.0.1
-- https://www.phpmyadmin.net/
--
-- Host: 127.0.0.1
-- Generation Time: Jan 20, 2020 at 07:47 AM
-- Server version: 10.4.6-MariaDB
-- PHP Version: 7.3.8

SET SQL_MODE = "NO_AUTO_VALUE_ON_ZERO";
SET AUTOCOMMIT = 0;
START TRANSACTION;
SET time_zone = "+00:00";


/*!40101 SET @OLD_CHARACTER_SET_CLIENT=@@CHARACTER_SET_CLIENT */;
/*!40101 SET @OLD_CHARACTER_SET_RESULTS=@@CHARACTER_SET_RESULTS */;
/*!40101 SET @OLD_COLLATION_CONNECTION=@@COLLATION_CONNECTION */;
/*!40101 SET NAMES utf8mb4 */;

--
-- Database: `laravelapi`
--

-- --------------------------------------------------------

--
-- Table structure for table `failed_jobs`
--

CREATE TABLE `failed_jobs` (
  `id` bigint(20) UNSIGNED NOT NULL,
  `connection` text COLLATE utf8mb4_unicode_ci NOT NULL,
  `queue` text COLLATE utf8mb4_unicode_ci NOT NULL,
  `payload` longtext COLLATE utf8mb4_unicode_ci NOT NULL,
  `exception` longtext COLLATE utf8mb4_unicode_ci NOT NULL,
  `failed_at` timestamp NOT NULL DEFAULT current_timestamp()
) ENGINE=InnoDB DEFAULT CHARSET=utf8mb4 COLLATE=utf8mb4_unicode_ci;

-- --------------------------------------------------------

--
-- Table structure for table `migrations`
--

CREATE TABLE `migrations` (
  `id` int(10) UNSIGNED NOT NULL,
  `migration` varchar(255) COLLATE utf8mb4_unicode_ci NOT NULL,
  `batch` int(11) NOT NULL
) ENGINE=InnoDB DEFAULT CHARSET=utf8mb4 COLLATE=utf8mb4_unicode_ci;

--
-- Dumping data for table `migrations`
--

INSERT INTO `migrations` (`id`, `migration`, `batch`) VALUES
(1, '2014_10_12_000000_create_users_table', 1),
(2, '2014_10_12_100000_create_password_resets_table', 1),
(3, '2019_08_19_000000_create_failed_jobs_table', 1),
(4, '2020_01_17_101140_create_products_table', 1);

-- --------------------------------------------------------

--
-- Table structure for table `password_resets`
--

CREATE TABLE `password_resets` (
  `email` varchar(255) COLLATE utf8mb4_unicode_ci NOT NULL,
  `token` varchar(255) COLLATE utf8mb4_unicode_ci NOT NULL,
  `created_at` timestamp NULL DEFAULT NULL
) ENGINE=InnoDB DEFAULT CHARSET=utf8mb4 COLLATE=utf8mb4_unicode_ci;

-- --------------------------------------------------------

--
-- Table structure for table `products`
--

CREATE TABLE `products` (
  `id` int(10) UNSIGNED NOT NULL,
  `name` varchar(255) COLLATE utf8mb4_unicode_ci NOT NULL,
  `detail` text COLLATE utf8mb4_unicode_ci NOT NULL,
  `price` int(11) NOT NULL,
  `stock` int(11) NOT NULL,
  `discount` int(11) NOT NULL,
  `created_at` timestamp NULL DEFAULT NULL,
  `updated_at` timestamp NULL DEFAULT NULL
) ENGINE=InnoDB DEFAULT CHARSET=utf8mb4 COLLATE=utf8mb4_unicode_ci;

--
-- Dumping data for table `products`
--

INSERT INTO `products` (`id`, `name`, `detail`, `price`, `stock`, `discount`, `created_at`, `updated_at`) VALUES
(1, 'accusamus', 'Dolorem et cum et deleniti ut expedita sunt. Cum consequatur ipsum natus culpa consequatur et explicabo eos. Quia quaerat quia perspiciatis nulla sed saepe. Ipsum vero illum alias excepturi vel.', 609, 6, 10, '2020-01-19 23:40:52', '2020-01-19 23:40:52'),
(2, 'quod', 'Ut rerum totam culpa qui est autem vitae. Eius omnis impedit quo odio ut quos praesentium. Eligendi ea non rerum odio earum.', 474, 0, 29, '2020-01-19 23:40:53', '2020-01-19 23:40:53'),
(3, 'dolorum', 'Minus est aliquam et suscipit quasi ut laborum. Cumque cum qui architecto voluptatum sit rerum. Iusto exercitationem dolorem voluptatem doloribus qui tempore. Nesciunt ut facere vel laboriosam itaque temporibus iure.', 607, 8, 27, '2020-01-19 23:40:53', '2020-01-19 23:40:53'),
(4, 'consequuntur', 'Quia omnis quia qui quaerat perferendis. Magni nihil ad expedita omnis laboriosam voluptatibus. Et ut et alias amet magni nesciunt.', 274, 6, 29, '2020-01-19 23:40:53', '2020-01-19 23:40:53'),
(5, 'voluptas', 'Non inventore non occaecati quo voluptas provident aliquam. Voluptatem maxime provident illo voluptatem natus. Porro officiis asperiores doloribus molestias officia.', 700, 2, 20, '2020-01-19 23:40:53', '2020-01-19 23:40:53'),
(6, 'aut', 'Libero vel aut alias eveniet. Perferendis rerum et a asperiores. Non libero est qui culpa placeat ratione. Non ut voluptatem vero et adipisci eius.', 109, 4, 25, '2020-01-19 23:40:53', '2020-01-19 23:40:53'),
(7, 'consequatur', 'Exercitationem nihil a incidunt et. Nulla sit minus rerum odit omnis illo necessitatibus. Quis perferendis et eum blanditiis molestiae porro.', 137, 3, 3, '2020-01-19 23:40:53', '2020-01-19 23:40:53'),
(8, 'ea', 'Sit quisquam earum sit dolores quisquam et autem fuga. Sint natus dicta adipisci aperiam dignissimos aut delectus. Necessitatibus doloremque tempore et nostrum provident ab ipsam.', 365, 4, 14, '2020-01-19 23:40:53', '2020-01-19 23:40:53'),
(9, 'quasi', 'Modi praesentium nemo asperiores labore inventore at. Nihil necessitatibus est ea voluptatem explicabo. Est facere aperiam sed fugit nam veniam fuga.', 691, 9, 28, '2020-01-19 23:40:53', '2020-01-19 23:40:53'),
(10, 'reiciendis', 'Dicta molestias a cupiditate distinctio pariatur quos. Rerum aut asperiores rerum qui. Iusto incidunt doloribus quasi tenetur aliquam. Accusamus eos voluptatum eligendi facere.', 161, 2, 17, '2020-01-19 23:40:53', '2020-01-19 23:40:53'),
(11, 'reiciendis', 'Ut iusto quo maiores numquam. Ipsa vero culpa libero iste. Laborum nostrum quis accusantium illum.', 565, 6, 16, '2020-01-19 23:40:53', '2020-01-19 23:40:53'),
(12, 'voluptatem', 'Et et nesciunt id nemo. Et aut est sunt repellendus velit enim. Sed blanditiis eius velit aut quas.', 328, 7, 20, '2020-01-19 23:40:53', '2020-01-19 23:40:53'),
(13, 'quod', 'Dolor tenetur voluptas nostrum quibusdam. Possimus id minus rerum quos. Voluptatem fugit eaque quis deserunt. Aliquid recusandae vel saepe in libero.', 195, 6, 25, '2020-01-19 23:40:53', '2020-01-19 23:40:53'),
(14, 'doloribus', 'Temporibus accusamus voluptas nisi sit totam sint perferendis. Nemo et tempora qui omnis eum. Praesentium ut excepturi rerum cupiditate sint est. Nisi et et voluptatem non quam assumenda quisquam.', 815, 9, 8, '2020-01-19 23:40:53', '2020-01-19 23:40:53'),
(15, 'iusto', 'Dolores at perferendis incidunt enim corrupti iusto id. Eligendi rerum quisquam placeat cumque optio quod.', 197, 5, 22, '2020-01-19 23:40:53', '2020-01-19 23:40:53'),
(16, 'fuga', 'Dolor aut veritatis fuga neque. Sequi fuga omnis quos qui quia repellat. Veritatis porro reiciendis qui possimus adipisci. Odit et adipisci facere iste aut odit necessitatibus deserunt.', 840, 6, 22, '2020-01-19 23:40:53', '2020-01-19 23:40:53'),
(17, 'dignissimos', 'Quibusdam et voluptas optio aspernatur similique perspiciatis unde. Voluptatem sint totam eaque distinctio. Fugiat consequatur veniam vero qui vel.', 840, 6, 6, '2020-01-19 23:40:53', '2020-01-19 23:40:53'),
(18, 'itaque', 'Dolor omnis deserunt ut ratione commodi. Aperiam ut quo eum. Veniam nam harum inventore neque rerum. Odit quod ullam dolorem dolor doloribus.', 625, 8, 15, '2020-01-19 23:40:53', '2020-01-19 23:40:53'),
(19, 'dolor', 'Recusandae architecto aut aliquid alias veritatis maxime ipsum. Praesentium exercitationem corporis deleniti eaque. Omnis voluptates iste eaque molestiae quo.', 814, 8, 8, '2020-01-19 23:40:53', '2020-01-19 23:40:53'),
(20, 'consequuntur', 'Voluptatem culpa voluptas nobis voluptatem aperiam in aut veniam. Excepturi dignissimos maxime consectetur et illum voluptas odit. A non cumque voluptatem temporibus. Dicta excepturi similique reprehenderit sunt optio aut.', 712, 1, 3, '2020-01-19 23:40:53', '2020-01-19 23:40:53'),
(21, 'ducimus', 'Minima reiciendis non qui omnis consequatur corrupti. Voluptatem vero dolores in. Culpa aperiam amet ab ad. Voluptatem laboriosam harum doloremque voluptatum et distinctio quis.', 822, 0, 28, '2020-01-19 23:40:53', '2020-01-19 23:40:53'),
(22, 'optio', 'Eum impedit voluptatum minima vero autem harum. Aspernatur omnis aperiam et atque. Officiis alias corporis vero aspernatur ipsum est.', 225, 2, 23, '2020-01-19 23:40:53', '2020-01-19 23:40:53'),
(23, 'corporis', 'Et dolor dolorem similique dolorum. Sint numquam sit repellat nam. Qui aut veniam dicta vel id.', 121, 8, 12, '2020-01-19 23:40:53', '2020-01-19 23:40:53'),
(24, 'et', 'Iste ullam culpa natus reprehenderit vel nulla aut. Vel voluptatem incidunt est est error necessitatibus aut. Animi quia omnis ipsam tempore consectetur vel nam. Molestiae exercitationem esse voluptates nobis deleniti aut optio.', 179, 6, 16, '2020-01-19 23:40:53', '2020-01-19 23:40:53'),
(25, 'qui', 'Est fugit sunt molestiae corrupti quia. Ut sit architecto et eum praesentium quo numquam. Aspernatur libero in animi voluptas accusantium.', 564, 2, 16, '2020-01-19 23:40:53', '2020-01-19 23:40:53'),
(26, 'omnis', 'Non illum nobis ex odio consequatur consequatur et. Minus labore deserunt sunt ex. Voluptatem nulla non velit placeat ut quibusdam. Eveniet libero molestiae illum et vitae. Nesciunt laudantium dolor veritatis et commodi nam.', 204, 3, 16, '2020-01-19 23:40:53', '2020-01-19 23:40:53'),
(27, 'vel', 'Eveniet voluptas ea nemo est voluptatem autem atque. Qui eaque praesentium est rerum quibusdam. Temporibus facilis ratione cum itaque et aut laudantium sequi.', 884, 8, 22, '2020-01-19 23:40:53', '2020-01-19 23:40:53'),
(28, 'soluta', 'Aut quos amet quo consequuntur. Architecto veniam rem et molestias. Et quisquam est reiciendis error. Nesciunt dignissimos porro libero aspernatur et.', 734, 2, 16, '2020-01-19 23:40:53', '2020-01-19 23:40:53'),
(29, 'pariatur', 'Ut ipsam est aliquid culpa assumenda odit sit saepe. In sit nemo molestiae molestias. Veniam sunt vel vero voluptate quibusdam explicabo cupiditate. Autem qui quod aliquid nulla.', 663, 4, 7, '2020-01-19 23:40:53', '2020-01-19 23:40:53'),
(30, 'aut', 'Sunt dolorem perspiciatis officiis nobis qui. Eveniet id consequatur natus aliquid. Enim provident culpa accusamus dolorum ut dolore quia. Dolores deserunt qui culpa ullam hic adipisci.', 666, 9, 15, '2020-01-19 23:40:53', '2020-01-19 23:40:53'),
(31, 'distinctio', 'Rem enim est eum nihil. Ipsa porro modi sit sapiente est at laborum qui. Praesentium minus quis qui qui in.', 747, 7, 14, '2020-01-19 23:40:53', '2020-01-19 23:40:53'),
(32, 'et', 'Laudantium nulla aut id odit quam accusamus sapiente. Autem porro necessitatibus velit incidunt et est. Odit deleniti nobis quis perspiciatis velit.', 727, 0, 16, '2020-01-19 23:40:53', '2020-01-19 23:40:53'),
(33, 'voluptatibus', 'In recusandae hic ut. Qui ab doloremque commodi perferendis. Provident facilis voluptates nisi et.', 505, 4, 12, '2020-01-19 23:40:53', '2020-01-19 23:40:53'),
(34, 'maxime', 'Magnam atque quae ab facilis est amet quos. Et quam quia voluptatum rerum nobis id. Voluptatem aliquid quam totam enim. Cumque dolorem at voluptas facere architecto accusamus mollitia soluta. Enim et qui deleniti et.', 839, 1, 16, '2020-01-19 23:40:53', '2020-01-19 23:40:53'),
(35, 'porro', 'Deleniti labore delectus explicabo quo. Cum reiciendis ad aperiam sit similique. Id quos aliquam expedita aspernatur velit ducimus nisi. Cumque dolorum rerum nulla ducimus et enim aut.', 114, 8, 23, '2020-01-19 23:40:53', '2020-01-19 23:40:53'),
(36, 'maxime', 'Voluptas sunt provident commodi ullam. Ut est animi repudiandae. Odit omnis minima id eveniet.', 513, 0, 3, '2020-01-19 23:40:53', '2020-01-19 23:40:53'),
(37, 'tenetur', 'Quaerat modi repudiandae ut quisquam laudantium eveniet facere. Ratione velit voluptate non assumenda. Officia cumque occaecati quo omnis mollitia repellat.', 160, 7, 8, '2020-01-19 23:40:53', '2020-01-19 23:40:53'),
(38, 'voluptate', 'Eveniet voluptatum necessitatibus placeat quia ut et non. Rerum debitis et iste quis. Quo porro enim molestiae quod.', 829, 2, 19, '2020-01-19 23:40:53', '2020-01-19 23:40:53'),
(39, 'voluptas', 'Temporibus dolore quia sit impedit. Accusamus accusamus deserunt doloremque alias aut incidunt. Fugit ratione reprehenderit quibusdam dolore sed dignissimos repellendus enim. Sunt a vel voluptate animi aliquid aliquam ducimus. Nulla quo porro voluptatem.', 961, 9, 19, '2020-01-19 23:40:53', '2020-01-19 23:40:53'),
(40, 'commodi', 'Corporis necessitatibus autem voluptatem laborum consequatur voluptatum voluptas. Rerum incidunt nulla eveniet aut rerum fugit. Voluptas rerum optio enim sit. Et doloribus non sit ullam ipsum aut facilis.', 747, 1, 5, '2020-01-19 23:40:53', '2020-01-19 23:40:53'),
(41, 'sunt', 'Accusantium est delectus aliquam ut. Esse sint dolorum in rerum. Consequatur nostrum dolorum dolores omnis sed.', 876, 7, 14, '2020-01-19 23:40:53', '2020-01-19 23:40:53'),
(42, 'occaecati', 'Sint velit voluptatum magni beatae impedit. Nulla tenetur et tempora autem quasi. Odio ut optio et minus eius. Unde minus earum sint et iusto sed.', 126, 4, 12, '2020-01-19 23:40:53', '2020-01-19 23:40:53'),
(43, 'praesentium', 'Et qui voluptas ex ea ullam sit ut. Dolore voluptas ipsum dolore rerum qui aut. Et odio a ipsum consectetur in fuga ipsam quod.', 894, 5, 14, '2020-01-19 23:40:53', '2020-01-19 23:40:53'),
(44, 'omnis', 'Expedita reprehenderit et quam impedit. Officiis dolore est voluptas voluptas quas odio in. Placeat voluptas cupiditate possimus repudiandae debitis sit. Fugit consectetur tempore dolor corrupti aliquam soluta ipsum sit.', 829, 0, 9, '2020-01-19 23:40:53', '2020-01-19 23:40:53'),
(45, 'voluptate', 'Sit sunt repellat reiciendis et quos minima. Pariatur dignissimos nesciunt soluta et. Cumque sequi excepturi sint aut quos omnis maiores et.', 643, 6, 18, '2020-01-19 23:40:53', '2020-01-19 23:40:53'),
(46, 'officiis', 'Sapiente id provident numquam autem. Voluptates unde tenetur veniam quisquam. Quia consequatur repellendus deleniti omnis fugiat ut exercitationem. Quo et provident sint sed impedit praesentium architecto quas. Suscipit ipsam iusto dolorum quidem et ullam libero.', 489, 8, 29, '2020-01-19 23:40:53', '2020-01-19 23:40:53'),
(47, 'illum', 'Voluptates sed voluptatum qui molestiae. Et aliquid ad corrupti et. Molestiae animi adipisci sunt nesciunt et.', 283, 2, 17, '2020-01-19 23:40:53', '2020-01-19 23:40:53'),
(48, 'alias', 'Perspiciatis non consequuntur dicta sit quia et omnis velit. Dolor asperiores ducimus aut. Est ut non laboriosam.', 637, 8, 17, '2020-01-19 23:40:53', '2020-01-19 23:40:53'),
(49, 'blanditiis', 'Atque recusandae commodi sed ut illum delectus molestiae. Nostrum ut ipsum aut non. Quam provident error sapiente eos dolorem ea.', 619, 8, 4, '2020-01-19 23:40:53', '2020-01-19 23:40:53'),
(50, 'aspernatur', 'Et temporibus ut qui voluptas nulla. Cumque modi culpa animi et. Et asperiores repellat alias maxime culpa. Autem dolor doloremque ipsum est omnis. Doloremque ea esse quod et.', 467, 8, 27, '2020-01-19 23:40:53', '2020-01-19 23:40:53');

-- --------------------------------------------------------

--
-- Table structure for table `reviews`
--

CREATE TABLE `reviews` (
  `id` int(10) UNSIGNED NOT NULL,
  `product_id` int(10) UNSIGNED NOT NULL,
  `customer` varchar(255) COLLATE utf8mb4_unicode_ci NOT NULL,
  `review` text COLLATE utf8mb4_unicode_ci NOT NULL,
  `star` int(11) NOT NULL,
  `created_at` timestamp NULL DEFAULT NULL,
  `updated_at` timestamp NULL DEFAULT NULL
) ENGINE=InnoDB DEFAULT CHARSET=utf8mb4 COLLATE=utf8mb4_unicode_ci;

--
-- Dumping data for table `reviews`
--

INSERT INTO `reviews` (`id`, `product_id`, `customer`, `review`, `star`, `created_at`, `updated_at`) VALUES
(1, 7, 'Keanu Brakus', 'Cum rerum et magnam at et quas. Soluta cumque illo a nobis. Aut et nulla ea numquam asperiores natus. Nisi est reprehenderit molestiae voluptas eius et.', 3, '2020-01-19 23:40:53', '2020-01-19 23:40:53'),
(2, 5, 'Ms. Maritza Shields', 'Voluptatem in sit dolorum voluptate doloribus dolore. Molestiae accusantium sed blanditiis est deleniti corporis est. Beatae sapiente perspiciatis perferendis. Reprehenderit placeat ipsam officiis quo excepturi aspernatur qui. Enim est ea voluptas ipsa nisi consequatur explicabo.', 1, '2020-01-19 23:40:53', '2020-01-19 23:40:53'),
(3, 43, 'Gene Little', 'Eum nostrum aut porro eaque vitae cumque. Et recusandae vitae laboriosam numquam incidunt et. Totam voluptatem et repellat omnis quaerat. Minima officiis sapiente et consequatur quo laboriosam.', 2, '2020-01-19 23:40:53', '2020-01-19 23:40:53'),
(4, 11, 'Mr. Dan Schowalter', 'Quo et animi eos numquam cupiditate. Ea dolore tempora sint perferendis ullam velit. Dolores maiores labore dolor ipsa aut voluptatem est ipsam. Possimus dolorem consequatur atque dolor distinctio autem sed.', 5, '2020-01-19 23:40:53', '2020-01-19 23:40:53'),
(5, 45, 'Prof. Vito Davis V', 'Corporis eius voluptas et. Dolores ut sit veniam in officiis. Iusto neque cum rem quo.', 2, '2020-01-19 23:40:53', '2020-01-19 23:40:53'),
(6, 10, 'Miss Elena Reilly Sr.', 'Blanditiis nulla voluptatem unde. Voluptatem enim rem commodi suscipit sint. Vitae quam rerum quae dolorum tempore vel.', 4, '2020-01-19 23:40:53', '2020-01-19 23:40:53'),
(7, 27, 'Eddie Sauer', 'Est aspernatur et ut soluta sapiente blanditiis consequuntur. Omnis officia labore et velit temporibus. Sit quidem natus non tempore.', 3, '2020-01-19 23:40:53', '2020-01-19 23:40:53'),
(8, 20, 'Breanne Rau', 'Dolorum voluptas sapiente sapiente omnis. Enim ipsum velit voluptatem corrupti aliquam et explicabo at. Dolorem harum delectus deserunt. Accusantium eum fugit ut qui et.', 5, '2020-01-19 23:40:53', '2020-01-19 23:40:53'),
(9, 1, 'Marge Ward', 'Ratione totam aperiam perspiciatis tempora distinctio totam laudantium. Et et culpa quod suscipit fugiat illo adipisci. Nam voluptas eos non et eaque.', 3, '2020-01-19 23:40:53', '2020-01-19 23:40:53'),
(10, 43, 'Vidal Gerhold', 'Sunt temporibus necessitatibus nostrum sint dolores. Quos neque assumenda sapiente quibusdam exercitationem aut. Sequi qui fuga voluptas fuga tenetur nam. Expedita qui omnis fugit enim veniam aspernatur. Labore amet molestiae qui eius voluptatem possimus.', 1, '2020-01-19 23:40:53', '2020-01-19 23:40:53'),
(11, 18, 'Adolph Haley', 'Magni temporibus quia neque ipsa. Ut error accusamus impedit in vel qui voluptate. Ut ipsum vero voluptatem non nesciunt.', 5, '2020-01-19 23:40:53', '2020-01-19 23:40:53'),
(12, 1, 'Tyrel Howe', 'In esse ut iusto. Tempore rem sit modi voluptatem aperiam nemo cum.', 3, '2020-01-19 23:40:53', '2020-01-19 23:40:53'),
(13, 11, 'Emil Hamill', 'Similique pariatur perferendis ut qui. Excepturi cum quo aut dicta laboriosam dolor. Officiis accusamus laborum aut tenetur et enim aut consequatur. Sunt hic architecto inventore eveniet.', 2, '2020-01-19 23:40:53', '2020-01-19 23:40:53'),
(14, 6, 'Prof. Daniela Paucek', 'Quidem quia quaerat pariatur quaerat et incidunt magni. Doloribus quaerat commodi similique neque omnis eius sequi. Quasi ut non reprehenderit ipsam consectetur earum molestias velit.', 4, '2020-01-19 23:40:53', '2020-01-19 23:40:53'),
(15, 8, 'Corrine Bogan Jr.', 'Quas cupiditate non praesentium labore voluptas maiores et. Et ut sit ut doloremque cupiditate. Recusandae voluptate sunt praesentium ut perferendis error blanditiis.', 1, '2020-01-19 23:40:53', '2020-01-19 23:40:53'),
(16, 12, 'Mrs. Trudie Wolff PhD', 'Animi aliquid perspiciatis rerum vel. Nam facilis quos minus. Et consequatur quidem odit minus ea cum. Debitis porro ullam molestiae dolore ducimus.', 3, '2020-01-19 23:40:53', '2020-01-19 23:40:53'),
(17, 34, 'Gregg Sauer', 'Eveniet et quia quia eaque corporis. Occaecati corporis nihil quod aut non facilis in necessitatibus. Laudantium saepe facilis libero hic repellendus et. Repudiandae velit temporibus ut nulla.', 3, '2020-01-19 23:40:53', '2020-01-19 23:40:53'),
(18, 47, 'Dandre Murphy Sr.', 'Rerum magnam cumque exercitationem nam sit. Ea voluptatibus natus est voluptatem tempore. Officia cupiditate sunt et cupiditate.', 3, '2020-01-19 23:40:53', '2020-01-19 23:40:53'),
(19, 1, 'Melissa Muller MD', 'Ea numquam sapiente deserunt aliquid. Porro nihil qui nihil accusantium dolor. Soluta asperiores sed similique quia blanditiis accusantium qui.', 2, '2020-01-19 23:40:53', '2020-01-19 23:40:53'),
(20, 28, 'Alda Predovic', 'Ab voluptatem qui consequatur. Perspiciatis corrupti dolorem laborum exercitationem in. Rerum quis est nemo rerum tempore.', 0, '2020-01-19 23:40:53', '2020-01-19 23:40:53'),
(21, 46, 'Valentin Heathcote', 'Illum officia nulla repellat. Accusantium vel vero dolorem ut incidunt totam. Vero quia ut et est necessitatibus sed.', 0, '2020-01-19 23:40:53', '2020-01-19 23:40:53'),
(22, 15, 'Lilliana McCullough', 'Dolor dolores consequatur unde rerum distinctio repellendus. Sit doloremque voluptas voluptatum aut amet dignissimos voluptatem. Atque porro ullam non reprehenderit sit.', 3, '2020-01-19 23:40:53', '2020-01-19 23:40:53'),
(23, 17, 'Rebecca Krajcik', 'Voluptas dicta et similique corrupti laborum excepturi minima. Accusamus dolorem possimus qui maxime in. Incidunt sunt iste unde deserunt ea libero non dolores. Quis corrupti iusto qui deleniti error voluptatum.', 4, '2020-01-19 23:40:53', '2020-01-19 23:40:53'),
(24, 17, 'Anika Hahn', 'Rerum fuga quibusdam impedit assumenda molestias saepe. Facere odio ad velit itaque commodi. Sit ipsam qui aut dolorem dignissimos assumenda est. Consequatur molestiae neque rerum.', 0, '2020-01-19 23:40:53', '2020-01-19 23:40:53'),
(25, 14, 'Onie Runte', 'Iste et nostrum totam ipsum et repellendus. Minus esse voluptatum deserunt possimus nam. Voluptatibus non officia quo cumque et.', 5, '2020-01-19 23:40:53', '2020-01-19 23:40:53'),
(26, 17, 'Prof. Alexa Murray', 'Laborum fuga natus dolorem est quam. Reprehenderit voluptas eos ea voluptates velit et. Nihil ratione tempore sit et quisquam commodi magnam.', 4, '2020-01-19 23:40:53', '2020-01-19 23:40:53'),
(27, 2, 'Mrs. Jane Treutel V', 'Facere eaque ut facilis quidem. Voluptatem ea quos facilis ut. Consequatur modi fuga eos quo. Cupiditate aut soluta molestias.', 4, '2020-01-19 23:40:53', '2020-01-19 23:40:53'),
(28, 18, 'Shemar Wiegand', 'Modi ea necessitatibus numquam cupiditate. Et similique voluptas aut non. Id aut vel fuga aut.', 2, '2020-01-19 23:40:53', '2020-01-19 23:40:53'),
(29, 16, 'Miss Kariane Lang II', 'Rerum autem aut quo. Dolorem ut quae dignissimos veniam. Architecto iusto rerum ad sit impedit possimus. Nihil et voluptatibus nisi explicabo architecto voluptates vitae.', 2, '2020-01-19 23:40:53', '2020-01-19 23:40:53'),
(30, 4, 'Norma Lehner', 'At illo ullam eligendi id cupiditate. Nostrum ipsam est ut ea ut accusantium omnis. Consequatur aut dolorem facere in est totam. Reprehenderit amet fugit dicta numquam sunt deserunt.', 0, '2020-01-19 23:40:53', '2020-01-19 23:40:53'),
(31, 28, 'Carlotta Altenwerth DDS', 'Aut modi tempore consequatur neque labore nihil deleniti. Deleniti expedita aut deleniti. Velit amet et itaque. Aut inventore fugit dolor non voluptas.', 0, '2020-01-19 23:40:53', '2020-01-19 23:40:53'),
(32, 25, 'Cade Daniel', 'Velit nobis eius qui blanditiis quisquam. Libero incidunt labore modi eum qui expedita sit. Quia aut et quasi. Beatae nisi dignissimos omnis. Qui nostrum eum dolorem deserunt minus tenetur.', 1, '2020-01-19 23:40:53', '2020-01-19 23:40:53'),
(33, 24, 'Giovanna Senger', 'Exercitationem eum quo officiis molestiae in eum. Animi aut dolore impedit autem totam ipsum et. Sed debitis vel optio praesentium perferendis vero voluptas. Assumenda et repudiandae veniam animi et aliquid illo.', 2, '2020-01-19 23:40:53', '2020-01-19 23:40:53'),
(34, 38, 'Margarete Brekke', 'Minus enim at maiores accusantium porro. Libero labore rerum a debitis est aut. Ea maiores error est eaque nulla deserunt. Molestiae dolores laboriosam magnam quam sed architecto.', 3, '2020-01-19 23:40:53', '2020-01-19 23:40:53'),
(35, 48, 'Molly Marquardt', 'Nesciunt nihil quibusdam nisi ab quo temporibus laborum. Dicta iure ducimus iste rem excepturi similique necessitatibus. Optio voluptatem aut quia deleniti omnis. Aut doloremque magnam cum dignissimos.', 1, '2020-01-19 23:40:53', '2020-01-19 23:40:53'),
(36, 30, 'Quentin Hessel', 'Omnis omnis officiis molestiae repudiandae cum atque molestiae qui. Autem consequatur laudantium quae eius. Ratione exercitationem ut non accusamus. Quis dolorem praesentium quasi amet laudantium.', 5, '2020-01-19 23:40:53', '2020-01-19 23:40:53'),
(37, 8, 'Dr. Kiera Dicki PhD', 'Quae reiciendis aut quaerat itaque. Vel optio ipsum sit aspernatur. Quam ad consequatur ut repellat rerum qui quod.', 1, '2020-01-19 23:40:53', '2020-01-19 23:40:53'),
(38, 50, 'Cory Hoeger', 'Sapiente beatae voluptatum quia quibusdam pariatur et voluptatem. Vero dolore est et cum dolorum provident. Ea non id qui et aperiam est dicta. Assumenda qui officia eius earum aliquid aliquid.', 0, '2020-01-19 23:40:53', '2020-01-19 23:40:53'),
(39, 14, 'Madalyn Prohaska', 'Quis voluptatibus commodi aut delectus excepturi error. Ut consequatur qui odio magnam quidem laborum qui tenetur. Error accusamus aut ratione harum nihil.', 2, '2020-01-19 23:40:53', '2020-01-19 23:40:53'),
(40, 28, 'Kamren Dickens', 'Accusantium officiis expedita at placeat voluptas et. Aut quis veniam nobis in corporis mollitia cumque vel. Voluptates ut dolores rerum ab deserunt tempore praesentium. Dolores natus earum nesciunt voluptatem maxime et et officiis.', 1, '2020-01-19 23:40:53', '2020-01-19 23:40:53'),
(41, 18, 'Prof. Zoe McDermott V', 'Dolorem placeat eaque recusandae maxime. Pariatur possimus qui nihil esse ipsum.', 3, '2020-01-19 23:40:53', '2020-01-19 23:40:53'),
(42, 18, 'Justen Lakin', 'Deserunt neque similique voluptatum voluptatem omnis accusantium numquam officiis. Explicabo et vel odit possimus et sequi. Sit ullam repudiandae ex omnis aut aperiam.', 1, '2020-01-19 23:40:53', '2020-01-19 23:40:53'),
(43, 2, 'Frederick Haag', 'Laudantium magni excepturi eum sit modi necessitatibus veniam nulla. Ipsum cupiditate aut et unde quibusdam consequuntur ea. Ab est nesciunt corporis quidem aut quos ut.', 2, '2020-01-19 23:40:53', '2020-01-19 23:40:53'),
(44, 34, 'Ezekiel Hermann V', 'Nihil facilis sit et enim fugiat illum corporis. Placeat et voluptates totam repellat saepe. Repellat at nulla accusantium laboriosam fugit dignissimos.', 3, '2020-01-19 23:40:53', '2020-01-19 23:40:53'),
(45, 30, 'Dr. Lindsay Abbott IV', 'Facilis nihil culpa minus cupiditate. Mollitia autem voluptatem placeat delectus saepe consequatur voluptatem. Dolor dicta ut quia debitis necessitatibus. Aut aut quam voluptates alias enim.', 2, '2020-01-19 23:40:53', '2020-01-19 23:40:53'),
(46, 42, 'Mrs. Felicita Wunsch I', 'Voluptatum iure dolorem ut nisi maiores cum. Nam ipsum iusto quisquam illo eligendi nobis. Nisi aut a nobis reiciendis alias.', 5, '2020-01-19 23:40:53', '2020-01-19 23:40:53'),
(47, 11, 'Stanford Kulas', 'Ea voluptate ex porro. Assumenda nobis et reprehenderit nam qui sit. Iste sed vitae consequatur dolor ea illum.', 0, '2020-01-19 23:40:53', '2020-01-19 23:40:53'),
(48, 25, 'Mikayla Cormier', 'Corporis possimus unde delectus facere. Impedit ipsum libero et. Aut itaque voluptate laudantium architecto nihil fugit.', 5, '2020-01-19 23:40:53', '2020-01-19 23:40:53'),
(49, 48, 'Prof. Mohammed Hoppe III', 'Quis assumenda autem illo sed. Aperiam aliquam non quis possimus. Aliquam voluptatum at et perferendis itaque iste. Neque rerum et rem aperiam qui libero cumque.', 5, '2020-01-19 23:40:53', '2020-01-19 23:40:53'),
(50, 46, 'Lavada Brekke', 'Perferendis rerum quis tempore explicabo. Totam suscipit officia quos. Expedita quas occaecati animi minus est tenetur doloribus.', 5, '2020-01-19 23:40:53', '2020-01-19 23:40:53'),
(51, 30, 'Jackeline Dickinson', 'Enim magnam ut aspernatur natus soluta ut commodi. Quasi sapiente suscipit voluptatibus. Qui odio magnam nemo dicta nihil et. Ut quo cumque repellendus odio. Saepe sunt nobis vero ea illum.', 5, '2020-01-19 23:40:53', '2020-01-19 23:40:53'),
(52, 22, 'Madeline Kemmer', 'Nam voluptatem aut et sequi facilis fugiat. In quasi aspernatur non quas.', 1, '2020-01-19 23:40:53', '2020-01-19 23:40:53'),
(53, 42, 'Eloisa Mitchell', 'Dolor nobis et nemo inventore. Voluptatibus rerum iure libero ut assumenda temporibus dolorem. Tenetur in alias id debitis velit consequatur.', 0, '2020-01-19 23:40:53', '2020-01-19 23:40:53'),
(54, 34, 'Dr. Kale Sawayn', 'Omnis sint officiis quos. Laboriosam praesentium corrupti nobis. Aliquam accusamus sint ut qui fugit aut.', 5, '2020-01-19 23:40:53', '2020-01-19 23:40:53'),
(55, 22, 'Ms. Skyla Balistreri', 'Atque enim facilis fuga quis quo. Non velit velit molestiae. Doloribus ratione accusantium dolorem sint rerum eos. Tenetur reprehenderit repellendus voluptatem.', 1, '2020-01-19 23:40:53', '2020-01-19 23:40:53'),
(56, 29, 'Dr. Lon Harvey PhD', 'Et fuga at occaecati aliquam sint quia autem. Dolor aut et animi eos est voluptates incidunt iusto.', 3, '2020-01-19 23:40:53', '2020-01-19 23:40:53'),
(57, 1, 'Dr. June Morissette', 'Consequatur ipsum in eveniet voluptatibus non nihil ex et. Culpa laudantium perferendis velit repellat est minus. Nesciunt ad maiores ut aliquid doloremque et odit.', 5, '2020-01-19 23:40:53', '2020-01-19 23:40:53'),
(58, 18, 'Dr. Jermain Cartwright Jr.', 'Est voluptatem voluptatum quas. Commodi error atque dolorum molestiae fuga voluptas eum. Ab tempore maiores vero necessitatibus a. Impedit necessitatibus enim suscipit recusandae eos impedit.', 3, '2020-01-19 23:40:53', '2020-01-19 23:40:53'),
(59, 12, 'Elenora Mayert', 'Nobis facilis eos quos ratione totam id. Quis autem voluptatibus dolores reprehenderit et est. Eos officiis amet debitis ea sit nesciunt dolore. Sed eaque voluptatem non esse blanditiis et aut. Ab ab qui quae odio quasi atque.', 3, '2020-01-19 23:40:53', '2020-01-19 23:40:53'),
(60, 10, 'Drew Wolff', 'Optio vero non nam quia. In id a odio ut voluptatem sit. Molestiae ut id iusto facere qui ratione. Similique mollitia id repudiandae ex ut animi qui. A quaerat minus neque provident minima.', 2, '2020-01-19 23:40:53', '2020-01-19 23:40:53'),
(61, 8, 'Howard Renner', 'Consectetur ad dolorum id id maiores rerum nihil. Voluptatem aut numquam qui.', 5, '2020-01-19 23:40:53', '2020-01-19 23:40:53'),
(62, 28, 'Prof. Darrell Bailey', 'Numquam nostrum qui aut nisi omnis repellat. Mollitia dicta ex maiores quas quas facere ut. Assumenda in modi numquam non et quaerat.', 0, '2020-01-19 23:40:53', '2020-01-19 23:40:53'),
(63, 9, 'Otilia Dietrich', 'Numquam consequatur porro qui voluptas sint dignissimos. Saepe et itaque dignissimos voluptates rerum et temporibus.', 4, '2020-01-19 23:40:53', '2020-01-19 23:40:53'),
(64, 14, 'Dr. Tristian Haag PhD', 'Quia minus atque voluptates voluptate aspernatur possimus eum. Aut et perferendis fugiat. Molestiae nostrum laboriosam delectus ad aspernatur ea.', 4, '2020-01-19 23:40:53', '2020-01-19 23:40:53'),
(65, 35, 'Dr. Winfield Schimmel', 'Doloribus rem eius quae et et. Voluptatem in nobis a error et ab.', 5, '2020-01-19 23:40:53', '2020-01-19 23:40:53'),
(66, 40, 'Mr. Cooper Trantow MD', 'Eveniet exercitationem aut expedita et accusantium omnis. Sit libero molestiae voluptatum in. Delectus recusandae aut eaque.', 2, '2020-01-19 23:40:53', '2020-01-19 23:40:53'),
(67, 42, 'Dr. Jerrell Lemke', 'Sed omnis et nihil similique aut. Omnis modi qui blanditiis non et est. Architecto ut atque quo veniam sed omnis.', 3, '2020-01-19 23:40:53', '2020-01-19 23:40:53'),
(68, 37, 'Dr. Brett Collier', 'Consectetur nobis sunt sint harum corrupti. Nobis molestiae ut a aut et id. Rerum sunt alias odio et vitae eius.', 4, '2020-01-19 23:40:53', '2020-01-19 23:40:53'),
(69, 5, 'Lempi Hayes DDS', 'Voluptatem aliquid quos maxime in sint. Nemo voluptatem ea id consequatur nihil ut eveniet. Doloribus maxime nam velit excepturi. Deleniti autem omnis vero ducimus dolorem dolores. Explicabo sed ipsum quaerat.', 1, '2020-01-19 23:40:53', '2020-01-19 23:40:53'),
(70, 39, 'Queenie Corkery', 'Possimus quibusdam voluptates facilis sequi blanditiis. Dolores cumque sint et soluta error aut veritatis. Rem placeat suscipit harum atque quo et aspernatur.', 2, '2020-01-19 23:40:53', '2020-01-19 23:40:53'),
(71, 20, 'Audrey Aufderhar', 'Et voluptas magnam eos error dolor facilis. Perspiciatis voluptatem omnis omnis. Aspernatur dolores illo dicta est quaerat cumque corporis. Saepe eius autem architecto non voluptatem blanditiis.', 3, '2020-01-19 23:40:54', '2020-01-19 23:40:54'),
(72, 22, 'Dr. Ellsworth Marquardt III', 'Occaecati sint voluptas consequatur numquam. Maxime incidunt modi consequatur dolorem. Consequatur dolores numquam commodi quas non maxime rerum. Earum aut in labore quis.', 5, '2020-01-19 23:40:54', '2020-01-19 23:40:54'),
(73, 30, 'Gay Ernser', 'Libero omnis laborum perferendis eaque consequatur excepturi. Velit qui repellendus quas nihil eum accusantium neque. Repellendus cumque rerum et quasi hic.', 3, '2020-01-19 23:40:54', '2020-01-19 23:40:54'),
(74, 37, 'Camila Morissette', 'Quaerat accusantium dolorem repellendus rem et. Incidunt aut voluptates corporis asperiores. Autem sit reprehenderit adipisci molestiae quae non. Voluptatibus hic ea eligendi.', 1, '2020-01-19 23:40:54', '2020-01-19 23:40:54'),
(75, 30, 'Isabelle Price', 'Id beatae culpa reprehenderit. Accusantium atque unde et error non eaque totam. Reiciendis corporis architecto eveniet eum eaque corrupti est. Voluptatem doloremque et voluptatum id excepturi eum.', 4, '2020-01-19 23:40:54', '2020-01-19 23:40:54'),
(76, 39, 'Caroline Rice', 'Hic nesciunt aliquam totam nulla eveniet voluptatem. Incidunt est possimus distinctio cum molestias corporis facilis asperiores.', 0, '2020-01-19 23:40:54', '2020-01-19 23:40:54'),
(77, 43, 'Dr. Dorian Strosin', 'Et exercitationem exercitationem qui ad quod earum molestias omnis. Ut labore et quia sit quod aliquid. Esse culpa sapiente nemo. Distinctio aliquid explicabo cupiditate id ratione quia.', 4, '2020-01-19 23:40:54', '2020-01-19 23:40:54'),
(78, 9, 'Olin Hand', 'Eum ut rerum architecto odio. Quis pariatur eos nihil amet saepe. Accusamus tempore molestiae et voluptatem.', 2, '2020-01-19 23:40:54', '2020-01-19 23:40:54'),
(79, 34, 'Dr. Hulda Bauch Jr.', 'Et distinctio officiis earum eos dolor error molestiae itaque. Sed non aut doloremque maiores iusto nihil molestias. Nulla amet earum officia quis.', 5, '2020-01-19 23:40:54', '2020-01-19 23:40:54'),
(80, 13, 'Prof. Wilbert Sauer IV', 'Laudantium id aperiam numquam. Quas est sunt vitae omnis eveniet omnis impedit. Veniam et quia amet. Sed dicta dolorem molestiae architecto consequatur quia.', 1, '2020-01-19 23:40:54', '2020-01-19 23:40:54'),
(81, 14, 'Floyd Williamson', 'Qui facilis officiis facilis voluptate possimus ut. Facere ut expedita voluptatem culpa enim sapiente. Beatae ut voluptatem possimus.', 5, '2020-01-19 23:40:54', '2020-01-19 23:40:54'),
(82, 41, 'Mossie Connelly', 'Odio ex voluptatem culpa assumenda vel aliquid. Optio fugit voluptatem quia occaecati minima quis consequatur. Ex corrupti voluptas odit.', 1, '2020-01-19 23:40:54', '2020-01-19 23:40:54'),
(83, 50, 'Dr. Aurelie Aufderhar', 'Eveniet sunt porro est. Consequuntur omnis est eos. Corrupti aut et est dolor ipsum magnam est.', 2, '2020-01-19 23:40:54', '2020-01-19 23:40:54'),
(84, 50, 'Prof. Bill Pagac', 'Quaerat dolorem incidunt iusto modi voluptas est voluptate fugiat. Sit velit enim sit. Consectetur mollitia quis et tempore itaque vel est. Animi accusamus rerum ducimus magni voluptatum unde neque. Blanditiis vel culpa et expedita porro enim earum.', 2, '2020-01-19 23:40:54', '2020-01-19 23:40:54'),
(85, 21, 'Freida Collins DVM', 'Non commodi amet cupiditate sed corporis. Libero at dolorem maiores eum aliquid. Illo facilis ab eum quibusdam expedita et enim. In in cum nam iste est.', 2, '2020-01-19 23:40:54', '2020-01-19 23:40:54'),
(86, 22, 'Brando Ledner', 'Vel quam nihil atque laboriosam praesentium nesciunt recusandae. Impedit sit et et alias quo nihil placeat. Officia porro accusantium et quod. Voluptas commodi iusto impedit in nobis.', 1, '2020-01-19 23:40:54', '2020-01-19 23:40:54'),
(87, 46, 'Miss Willie McDermott', 'Nihil a voluptatum rerum ex. Suscipit maxime deserunt nostrum harum numquam. Esse est nihil quis repellat.', 4, '2020-01-19 23:40:54', '2020-01-19 23:40:54'),
(88, 44, 'Mr. Philip Price', 'Molestiae cupiditate quos voluptas optio. Animi numquam laboriosam amet perferendis. Cum porro doloremque voluptatum nihil aut mollitia. Eos maxime rerum et enim.', 3, '2020-01-19 23:40:54', '2020-01-19 23:40:54'),
(89, 16, 'Dr. Talia Larson', 'Quos sit reprehenderit enim quos nobis molestiae asperiores. Quo non et eveniet optio unde amet. Est quam cum omnis molestias et. Suscipit repudiandae sit a distinctio.', 2, '2020-01-19 23:40:54', '2020-01-19 23:40:54'),
(90, 11, 'Jalyn Von', 'Repudiandae iusto minus consequatur rerum. Neque quidem dolore itaque et ut. Minus ullam id debitis ut est eaque est. Eos temporibus tempora voluptates sed corrupti officiis expedita.', 4, '2020-01-19 23:40:54', '2020-01-19 23:40:54'),
(91, 47, 'Ellsworth Bartoletti', 'Sequi odio ea sed et neque deleniti. Pariatur ipsum porro recusandae repellendus libero incidunt nemo.', 3, '2020-01-19 23:40:54', '2020-01-19 23:40:54'),
(92, 37, 'Sophia Koelpin', 'Beatae ut sunt incidunt ex asperiores ex. Tempora qui sed repellendus voluptas inventore natus exercitationem. Rem ut ab exercitationem.', 1, '2020-01-19 23:40:54', '2020-01-19 23:40:54'),
(93, 20, 'Alexys Osinski', 'Voluptatem quos non dolor dolore sit. Non molestiae inventore voluptatum exercitationem. Ut delectus aliquid quia quia dolores quia. Rerum et qui aliquid molestiae placeat minima.', 4, '2020-01-19 23:40:54', '2020-01-19 23:40:54'),
(94, 41, 'Prof. Hiram Legros', 'Pariatur occaecati accusamus eius quod aliquid ad harum tempora. Sed deserunt non quaerat aperiam nihil.', 2, '2020-01-19 23:40:54', '2020-01-19 23:40:54'),
(95, 1, 'Prof. Elmer Kunze I', 'Dolore aliquid quia tempora nobis ut. Ducimus voluptatem reprehenderit qui quis ipsam. Omnis rerum nihil ut quo. Et rerum delectus quaerat.', 0, '2020-01-19 23:40:54', '2020-01-19 23:40:54'),
(96, 33, 'Niko Hand', 'Possimus recusandae quaerat laboriosam voluptas qui voluptatem. Deleniti et inventore voluptas qui officiis dolor incidunt.', 0, '2020-01-19 23:40:54', '2020-01-19 23:40:54'),
(97, 15, 'Jaycee Hermiston', 'Nesciunt quisquam et sit et iusto cum. Nulla doloremque non iste et harum dicta dignissimos et. Autem et tempora nostrum rem itaque.', 0, '2020-01-19 23:40:54', '2020-01-19 23:40:54'),
(98, 43, 'Ashleigh Veum', 'Aperiam provident exercitationem labore molestiae. Et et eum ratione cumque. Et provident asperiores tempora incidunt ut quo.', 2, '2020-01-19 23:40:54', '2020-01-19 23:40:54'),
(99, 49, 'Neha Lemke', 'Rerum facilis ipsam quia cupiditate. Veritatis nisi voluptatum sint veritatis officia. Harum quia molestias eveniet voluptas ut maiores. Ipsam illo libero adipisci perspiciatis ratione.', 2, '2020-01-19 23:40:54', '2020-01-19 23:40:54'),
(100, 37, 'Amiya Parisian', 'Quis sint repellendus et quo enim. Veritatis numquam ut cumque soluta qui quam rerum. Est eum expedita ipsa in velit. Ex eum quia exercitationem est hic molestiae.', 4, '2020-01-19 23:40:54', '2020-01-19 23:40:54'),
(101, 19, 'Prof. Enrique Hand V', 'Ut perspiciatis quo explicabo sed perspiciatis doloribus et. Repellat qui at voluptatem ut veniam quia libero. Qui perferendis voluptatem at sit blanditiis consequatur est provident. Quas eum totam dolores omnis reprehenderit officia.', 4, '2020-01-19 23:40:54', '2020-01-19 23:40:54'),
(102, 5, 'Paolo Grady', 'Minima doloribus delectus odit sapiente quia autem qui. Dignissimos est qui quo rem qui. Blanditiis excepturi mollitia recusandae nulla expedita tenetur. Qui atque atque consequatur quod id.', 0, '2020-01-19 23:40:54', '2020-01-19 23:40:54'),
(103, 13, 'Ms. Frederique Kiehn DVM', 'Quibusdam non reiciendis ipsam aut ea libero eum et. Aperiam vitae deleniti qui non ducimus. Repellendus eaque dicta tempora. Facere praesentium dolor veritatis voluptas ipsam. Ipsam porro distinctio et enim maiores quas.', 2, '2020-01-19 23:40:54', '2020-01-19 23:40:54'),
(104, 6, 'Mrs. Felicity Padberg', 'Eaque quam excepturi ut omnis reiciendis veritatis. Aut suscipit non voluptas exercitationem et sed accusantium. At repellendus maiores est quibusdam inventore. Repellat iusto officia praesentium accusantium laborum praesentium fugiat. Nihil rerum velit ut qui similique nihil.', 0, '2020-01-19 23:40:54', '2020-01-19 23:40:54'),
(105, 16, 'Jayson Corwin', 'Sint quidem dolor qui magni iusto. Est odio ab sit voluptas. Et modi voluptatem aut placeat.', 0, '2020-01-19 23:40:54', '2020-01-19 23:40:54'),
(106, 14, 'Virgil Conn I', 'Provident rerum in totam repellendus aliquid architecto. Fugit provident soluta cum aut. Enim rerum molestiae ut ipsum. Officia sint omnis omnis enim officia earum.', 0, '2020-01-19 23:40:54', '2020-01-19 23:40:54'),
(107, 25, 'Leola Lakin', 'Modi saepe totam ea provident debitis dicta quaerat. In ab mollitia cupiditate dicta nisi. Aut aliquam natus nobis non. Delectus aut sed earum et quibusdam totam quasi.', 4, '2020-01-19 23:40:54', '2020-01-19 23:40:54'),
(108, 44, 'Lavina Volkman', 'Ex mollitia consectetur dolore deleniti. Enim necessitatibus qui illum. Qui omnis quia itaque esse architecto alias recusandae. Quibusdam id et aut ut soluta.', 1, '2020-01-19 23:40:54', '2020-01-19 23:40:54'),
(109, 47, 'Prof. Kelton Rodriguez II', 'Voluptatum consequatur excepturi veritatis quae sed et sint. Dolor animi animi temporibus doloremque quisquam consequatur et. Dolore id nihil ab enim et. Natus quia ut quod est eum.', 0, '2020-01-19 23:40:54', '2020-01-19 23:40:54'),
(110, 24, 'Barrett Hilpert I', 'Cumque animi est hic molestias. Sint fuga numquam delectus. Est tempora sit aperiam quibusdam dolores. Nihil enim ea voluptatem doloremque quod.', 2, '2020-01-19 23:40:54', '2020-01-19 23:40:54'),
(111, 19, 'Caleb Kuhlman Sr.', 'Necessitatibus sed autem labore quae numquam. Vel ut velit impedit voluptas pariatur veritatis nesciunt vitae. Dolores est excepturi possimus voluptatem illum accusamus enim. Aperiam dolor ab aut aut. Numquam fugiat error deleniti qui.', 3, '2020-01-19 23:40:54', '2020-01-19 23:40:54'),
(112, 34, 'Ms. Karina McClure Sr.', 'Aut dolor voluptatem amet labore omnis commodi. Error quis commodi occaecati odio eum.', 5, '2020-01-19 23:40:54', '2020-01-19 23:40:54'),
(113, 22, 'Prof. Zachariah Braun', 'Soluta officia nulla est optio sunt non quos. Facere voluptate velit labore consequuntur rem hic. Non earum minus blanditiis sed quas perferendis rerum. Distinctio labore fugiat sed in sint necessitatibus voluptates et.', 1, '2020-01-19 23:40:54', '2020-01-19 23:40:54'),
(114, 40, 'Howard Ernser', 'Nemo id corrupti necessitatibus vero. Quis accusamus qui est minus hic.', 1, '2020-01-19 23:40:54', '2020-01-19 23:40:54'),
(115, 20, 'Prof. Pearlie Langosh', 'Quas magni explicabo dolores error atque sunt. In ad temporibus sequi. Est perferendis dicta ut quos velit porro minima.', 3, '2020-01-19 23:40:54', '2020-01-19 23:40:54'),
(116, 46, 'Jeffry Pollich II', 'Ut illo earum dolorem recusandae et. Vel a iste nulla nemo at numquam iusto.', 0, '2020-01-19 23:40:54', '2020-01-19 23:40:54'),
(117, 39, 'Ayden Boyer II', 'Ab accusantium numquam ullam. Illum quisquam repellendus ex quas enim dolorem sit. Dolore qui tenetur atque sit animi enim aut. Nihil voluptatem illum fugiat cum omnis aut.', 0, '2020-01-19 23:40:54', '2020-01-19 23:40:54'),
(118, 44, 'Tad Toy II', 'Eius accusantium voluptas possimus quis ut eos. Cumque distinctio repellat quasi enim. Nobis aliquid rerum dicta animi aut earum.', 1, '2020-01-19 23:40:54', '2020-01-19 23:40:54'),
(119, 28, 'Celia Denesik Jr.', 'Laudantium voluptate ut suscipit. Qui odit consequuntur beatae tenetur excepturi et. Et voluptatem enim dolores dolorem ut. Quidem id veniam aspernatur consectetur.', 5, '2020-01-19 23:40:54', '2020-01-19 23:40:54'),
(120, 18, 'Pink Barton', 'Expedita est quis nulla quia corrupti minima delectus. Facilis aspernatur repudiandae at dignissimos corporis.', 5, '2020-01-19 23:40:54', '2020-01-19 23:40:54'),
(121, 46, 'Prof. Josefina Considine', 'Quia hic ex eos. Nobis minus veniam ex mollitia consequuntur. Quam quam et voluptates laboriosam. Qui recusandae nihil quod aut.', 1, '2020-01-19 23:40:54', '2020-01-19 23:40:54'),
(122, 10, 'Nyasia Powlowski', 'Natus ullam atque qui. Ab et inventore voluptas autem. Maiores iusto voluptatibus a est quia itaque. Et ab animi sunt quisquam. Quidem facere harum laudantium adipisci error fugit eligendi.', 5, '2020-01-19 23:40:54', '2020-01-19 23:40:54'),
(123, 25, 'Virgie Sporer', 'Id quam et tenetur quam molestiae optio libero. Omnis tenetur similique mollitia quia. At cupiditate ut vero quidem consequuntur molestiae. Cupiditate qui dolor sunt ea nobis odit impedit deserunt.', 4, '2020-01-19 23:40:54', '2020-01-19 23:40:54'),
(124, 35, 'Dr. Olin Gutkowski IV', 'Voluptas molestias aliquid aut pariatur consequatur veniam. Molestias pariatur rem maxime quia deserunt qui. Mollitia ea ullam quis est consequatur voluptate ut. Et sint quaerat sint recusandae laborum numquam autem.', 4, '2020-01-19 23:40:54', '2020-01-19 23:40:54'),
(125, 30, 'Dr. Maeve Schiller', 'Quis maxime enim illo minus sit est. Vitae aut repellendus ex odit est. Harum cumque consectetur sint error ut mollitia quam omnis.', 0, '2020-01-19 23:40:54', '2020-01-19 23:40:54'),
(126, 25, 'Ms. Macy Gulgowski', 'Id illum sequi esse neque. Sequi est placeat facere voluptas sed. Consequatur sit earum hic non aperiam. Voluptatem commodi suscipit vitae autem nesciunt aliquid.', 3, '2020-01-19 23:40:54', '2020-01-19 23:40:54'),
(127, 43, 'Prof. Al Thiel', 'Minus illo magni rerum velit quis earum aliquid. Quibusdam quis voluptates fuga pariatur. Commodi perferendis est nisi.', 0, '2020-01-19 23:40:54', '2020-01-19 23:40:54'),
(128, 19, 'Dr. Geovanny Mayert', 'Iusto et dolorem dolores at qui. Consequatur voluptatum itaque quia autem fuga quasi aut odit. Sint sed rerum minima ipsa. Sit qui neque beatae quas dolorem.', 0, '2020-01-19 23:40:54', '2020-01-19 23:40:54'),
(129, 16, 'Cordie Moore', 'Nihil eveniet in est voluptas vel a distinctio. Excepturi atque cum hic accusantium. Corporis et exercitationem est delectus esse accusamus. Quidem omnis repellat officiis illum dolor beatae aut.', 1, '2020-01-19 23:40:54', '2020-01-19 23:40:54'),
(130, 6, 'Prof. Sadye Schroeder II', 'Magnam a sapiente pariatur sit aut ex quis. Voluptas aut dolores ut dolorum quia sit.', 4, '2020-01-19 23:40:54', '2020-01-19 23:40:54'),
(131, 25, 'Bridget Wisozk Sr.', 'Perspiciatis odit est quas rerum doloribus voluptatem saepe facere. Quasi est magnam et facere impedit. Est saepe amet vel. Voluptas ut ut dolor quasi. Quidem et aut quis voluptatibus harum est laudantium voluptas.', 3, '2020-01-19 23:40:54', '2020-01-19 23:40:54'),
(132, 42, 'Bradly Terry', 'Ea eum dolores delectus. Sapiente nostrum fugit quisquam sequi est atque. Assumenda et facere ea nemo dolor voluptas.', 4, '2020-01-19 23:40:54', '2020-01-19 23:40:54'),
(133, 45, 'Beau Lehner', 'Suscipit illum quisquam voluptatem dolor temporibus. Illum et aut omnis tenetur dolorem. Qui qui non voluptatibus ea voluptatibus ad voluptatem adipisci.', 4, '2020-01-19 23:40:54', '2020-01-19 23:40:54'),
(134, 17, 'Braulio Ritchie', 'Enim nam fuga dolor ipsam quia et dolorem et. Reiciendis reprehenderit rerum nihil illum eius facilis. Autem officiis natus itaque minima quo repudiandae natus.', 3, '2020-01-19 23:40:54', '2020-01-19 23:40:54'),
(135, 17, 'Isadore Runte', 'Dignissimos dolores et consequatur sed quo aspernatur. Quo voluptatem facilis velit. Iste quo ut ducimus voluptatem omnis.', 1, '2020-01-19 23:40:54', '2020-01-19 23:40:54'),
(136, 19, 'Ned McClure', 'Ut qui vel aut consequuntur. Repellat occaecati voluptatem dolor omnis non. Voluptatum a eum rerum tempora aliquid deleniti sit. Sint alias inventore dolores dolorem nulla ut.', 4, '2020-01-19 23:40:54', '2020-01-19 23:40:54'),
(137, 38, 'Isac Corkery', 'Deserunt voluptates eos placeat corrupti. Autem iure rem sint blanditiis sequi. Maxime ut sapiente occaecati eos nam. Animi eligendi quo vel laudantium.', 3, '2020-01-19 23:40:54', '2020-01-19 23:40:54'),
(138, 7, 'Miss Rhea Bosco V', 'Et exercitationem saepe fugiat ut eum in. Sit minus tenetur tenetur voluptas esse. Accusantium consequatur sit quas voluptas magni vitae distinctio.', 4, '2020-01-19 23:40:54', '2020-01-19 23:40:54'),
(139, 19, 'Karianne Fay', 'Alias omnis porro quidem atque. Rerum voluptatum natus adipisci rerum rerum.', 2, '2020-01-19 23:40:54', '2020-01-19 23:40:54'),
(140, 19, 'Cassidy Olson III', 'Ratione quasi nihil cumque dignissimos ut laboriosam mollitia. Est voluptatem laudantium in quisquam amet hic. Quos ab quia iusto ipsam enim. Sint non atque officiis.', 1, '2020-01-19 23:40:54', '2020-01-19 23:40:54'),
(141, 11, 'Keenan Bosco', 'Doloribus ab necessitatibus non commodi beatae. Hic perspiciatis nemo quas laudantium et aliquam.', 4, '2020-01-19 23:40:54', '2020-01-19 23:40:54'),
(142, 39, 'Dr. Jillian Pfannerstill', 'Accusantium ducimus doloribus commodi incidunt suscipit illum mollitia. Veniam rerum qui voluptatibus qui quisquam. Qui laudantium aut sit dolor. Eos et pariatur sunt autem quis doloremque ea.', 4, '2020-01-19 23:40:54', '2020-01-19 23:40:54'),
(143, 48, 'Cicero Bednar', 'Consequatur illo illo quae aut similique. Maxime sunt eligendi ut sunt ad cupiditate eum. Quia cum expedita perspiciatis exercitationem et.', 5, '2020-01-19 23:40:54', '2020-01-19 23:40:54'),
(144, 21, 'Nannie Moore', 'Molestias consequatur ut velit possimus. Minus recusandae excepturi sed voluptate odit.', 1, '2020-01-19 23:40:54', '2020-01-19 23:40:54'),
(145, 42, 'Mr. Jeremy Weimann', 'Quia perspiciatis ipsum vel quasi sed aliquid vero in. Explicabo omnis rem ut sint veniam placeat. Voluptatem est eaque debitis rerum praesentium.', 0, '2020-01-19 23:40:54', '2020-01-19 23:40:54'),
(146, 45, 'Prof. Milan Steuber Jr.', 'Aperiam excepturi eius odio autem. Cumque sapiente cum consequatur blanditiis sit quod aut. Vero quia perspiciatis exercitationem odio aliquam numquam unde. Occaecati odio voluptate quo iste et.', 3, '2020-01-19 23:40:54', '2020-01-19 23:40:54'),
(147, 31, 'Audra Welch', 'Quasi sunt ipsum accusamus recusandae voluptatibus. Voluptatem sed natus laudantium delectus in perspiciatis. Aut eos sit ratione earum ut quo aut. Mollitia officia repudiandae quaerat quidem.', 3, '2020-01-19 23:40:54', '2020-01-19 23:40:54'),
(148, 48, 'Immanuel Bradtke IV', 'Similique at beatae illum eius laboriosam molestias. Dolorum officia omnis error non. Molestias et harum necessitatibus repellat commodi. Molestias ut autem aliquid earum qui officia mollitia perferendis.', 1, '2020-01-19 23:40:54', '2020-01-19 23:40:54'),
(149, 32, 'Ms. Myah Prosacco Sr.', 'Veritatis sit voluptas est iure optio. Aut aut officia quo. Placeat sed soluta molestias veniam ea.', 4, '2020-01-19 23:40:54', '2020-01-19 23:40:54'),
(150, 19, 'Emmanuelle King', 'Ut illo a magnam in. Minima omnis sed pariatur sit in reprehenderit. Et neque est aperiam aliquid non doloremque omnis. A quisquam voluptatibus nam commodi cupiditate ipsa. Et sapiente adipisci beatae repellat deserunt qui a.', 4, '2020-01-19 23:40:54', '2020-01-19 23:40:54'),
(151, 32, 'Elijah Daniel DVM', 'Sint libero et sed dolor vel. Omnis minus similique in iure veritatis ullam in. Cumque asperiores quidem eos rerum aut sit facilis aut. Possimus nesciunt cum aut dolor molestiae voluptatibus non.', 1, '2020-01-19 23:40:54', '2020-01-19 23:40:54'),
(152, 43, 'Dr. Bertram Larkin DDS', 'Totam commodi voluptas cumque magni recusandae voluptatem. Non non consequuntur exercitationem est sit ut magnam. Excepturi cupiditate beatae et rem pariatur quos.', 3, '2020-01-19 23:40:54', '2020-01-19 23:40:54'),
(153, 39, 'Kylie Padberg', 'Voluptatem esse voluptatem debitis optio dolores voluptatem. Est dolor et error quia officiis ut in. Consequuntur sunt aspernatur ad. Earum dicta perferendis quasi maiores quidem sunt doloribus laboriosam.', 1, '2020-01-19 23:40:54', '2020-01-19 23:40:54'),
(154, 32, 'Mattie Abshire', 'Consequatur error accusamus placeat sit porro enim. Id sit expedita soluta dolorum nulla qui sit doloremque. Quos enim magni quod cumque quaerat qui voluptates.', 2, '2020-01-19 23:40:54', '2020-01-19 23:40:54'),
(155, 4, 'Dr. Jamal Predovic V', 'Sit impedit rerum rerum molestiae accusantium earum nulla. Qui enim mollitia corrupti amet. Cupiditate facere omnis quae ut odit aut autem quia. Blanditiis rerum quo reiciendis eos totam.', 4, '2020-01-19 23:40:54', '2020-01-19 23:40:54'),
(156, 11, 'Alexandrea Bode', 'Libero consequatur consequuntur ex quia. Error a ipsum odit reiciendis maxime. Velit tempore qui eligendi qui. Rem est nam magni eum optio.', 5, '2020-01-19 23:40:54', '2020-01-19 23:40:54'),
(157, 43, 'Prof. Lukas Schultz', 'Eos ipsam eius at impedit qui perferendis a. Tenetur amet deleniti tempora aut ea. Eveniet numquam debitis laborum. Ea sapiente enim eligendi sunt. Dicta sequi nam nulla.', 2, '2020-01-19 23:40:54', '2020-01-19 23:40:54'),
(158, 16, 'Alessia Batz', 'Veniam dolorem deserunt sunt dicta incidunt. Culpa ullam non culpa id voluptas sunt minima officiis. Et odio non iusto iusto doloribus. Totam et praesentium quasi beatae.', 0, '2020-01-19 23:40:54', '2020-01-19 23:40:54'),
(159, 3, 'Grace Hamill IV', 'Pariatur adipisci dolore eum aut. Saepe incidunt reiciendis error est aliquid voluptates quas. Ipsam ipsam architecto occaecati quisquam. Aut ut sed tempore similique facilis asperiores.', 5, '2020-01-19 23:40:54', '2020-01-19 23:40:54'),
(160, 12, 'Loraine Gusikowski', 'Quia voluptatibus qui aperiam harum voluptatum facere voluptates. Fugit beatae explicabo omnis illo fugiat. Rerum deleniti omnis nam veritatis qui molestias fuga.', 5, '2020-01-19 23:40:54', '2020-01-19 23:40:54'),
(161, 21, 'Kaylee Brekke', 'Quos similique corporis officia. Et reiciendis est occaecati perspiciatis aspernatur debitis. Mollitia unde perferendis qui nemo non in.', 0, '2020-01-19 23:40:54', '2020-01-19 23:40:54'),
(162, 21, 'Eliane Moen', 'Excepturi architecto facere aut debitis suscipit molestias. Aperiam debitis autem ullam. Sed expedita dolor quod.', 5, '2020-01-19 23:40:54', '2020-01-19 23:40:54'),
(163, 18, 'Susana Funk', 'Totam quod est sit libero sed. Ut dolorem aperiam facilis repudiandae veniam porro sed. Laborum molestiae est iusto dolor provident sunt praesentium.', 1, '2020-01-19 23:40:54', '2020-01-19 23:40:54'),
(164, 37, 'Prof. Santa Bahringer DVM', 'Enim qui pariatur nesciunt debitis consequatur distinctio dolorem. Autem eius dignissimos adipisci dolores dignissimos accusantium dolorum. Et quo quo animi consequatur eligendi autem. Nam dolor dolores cupiditate repudiandae dolor.', 5, '2020-01-19 23:40:54', '2020-01-19 23:40:54'),
(165, 44, 'Dena Kling', 'Similique dolor nesciunt dolor voluptas in ut eos. Earum illum temporibus et omnis quia itaque. Impedit quaerat voluptatem voluptas voluptatibus. Repudiandae quaerat molestiae quidem sint magni nostrum rerum dolor.', 2, '2020-01-19 23:40:54', '2020-01-19 23:40:54'),
(166, 4, 'Darrell Raynor', 'Ipsam ipsa voluptatem sint quo nostrum aut blanditiis. Et quos excepturi natus quisquam. Quia voluptatem quia qui ut. Eos suscipit rerum aut aut explicabo.', 0, '2020-01-19 23:40:54', '2020-01-19 23:40:54'),
(167, 49, 'Stephanie Conn', 'Aut sunt nesciunt sapiente natus animi. Similique quo officia doloribus in neque. Quo quo doloremque explicabo harum facere. Voluptatem eum praesentium officia enim magni error.', 3, '2020-01-19 23:40:54', '2020-01-19 23:40:54'),
(168, 7, 'Kim Swaniawski', 'Est doloribus totam nisi distinctio molestias blanditiis. Ut eos dolor quod cum cumque. Eius vitae consectetur perferendis eveniet. Voluptas occaecati laboriosam error earum sit aut sit.', 3, '2020-01-19 23:40:54', '2020-01-19 23:40:54'),
(169, 25, 'Ophelia Wuckert', 'Nemo debitis sed possimus nihil explicabo sunt. Earum exercitationem id aliquam omnis. Quaerat in et voluptas dolore. Quisquam sunt animi autem facere dolorum consequatur.', 4, '2020-01-19 23:40:54', '2020-01-19 23:40:54'),
(170, 40, 'Astrid Hand', 'Molestiae eos facere esse ducimus magni. Et ullam accusantium earum rerum ratione quia. Eligendi incidunt quidem non cupiditate sed qui modi. Quibusdam ipsa natus ut ullam.', 4, '2020-01-19 23:40:54', '2020-01-19 23:40:54'),
(171, 32, 'Daron Welch', 'Consequatur nesciunt voluptatem esse recusandae. Provident sint possimus eligendi earum dolor. Voluptatem rerum voluptatem soluta nulla dolorem sit voluptatem ducimus.', 0, '2020-01-19 23:40:54', '2020-01-19 23:40:54'),
(172, 26, 'Alyce Windler PhD', 'Quis dolorem dolores pariatur ipsum corrupti. Nam molestiae recusandae assumenda natus nihil. Sed et iure fugiat aut eos fugit.', 3, '2020-01-19 23:40:54', '2020-01-19 23:40:54'),
(173, 28, 'Brenna Orn', 'Sed qui molestiae repudiandae. Eaque et porro iusto sint consectetur voluptas assumenda ad. Dolore et voluptas est inventore veritatis velit. Quos sint sit quos qui.', 5, '2020-01-19 23:40:54', '2020-01-19 23:40:54'),
(174, 15, 'Madge Boyer I', 'Animi laboriosam ipsam qui nesciunt. Est aliquam libero et harum atque alias distinctio. Esse dignissimos iure et rerum delectus aut. Et quam qui aliquid ea expedita aut provident.', 1, '2020-01-19 23:40:54', '2020-01-19 23:40:54'),
(175, 47, 'Jakayla Terry', 'Ducimus magni voluptatibus ea iste veniam. Quo esse quia voluptas possimus dolores non eos soluta. Odio voluptatem tempore aliquam animi quo cupiditate asperiores.', 1, '2020-01-19 23:40:54', '2020-01-19 23:40:54'),
(176, 29, 'Ms. Verlie Mayert I', 'Molestiae id aspernatur aspernatur dicta. Laudantium magni aut distinctio consequatur magnam consequatur. Inventore quas et eum. Aspernatur aliquam blanditiis sit odio quibusdam quia possimus.', 3, '2020-01-19 23:40:54', '2020-01-19 23:40:54'),
(177, 13, 'Vergie Herman', 'Enim illo dolorem inventore voluptatum facere at laborum. Dolorem enim est nam et. Consectetur iusto ex qui tenetur. Est fuga facere hic aperiam.', 0, '2020-01-19 23:40:54', '2020-01-19 23:40:54'),
(178, 15, 'Domenick Blanda DVM', 'Aspernatur voluptatibus eaque atque eos necessitatibus voluptas adipisci. Doloribus ipsa sed et. Voluptas et et amet explicabo. Ullam mollitia dolorum ea non voluptatem rerum totam.', 1, '2020-01-19 23:40:54', '2020-01-19 23:40:54'),
(179, 20, 'Ismael Watsica', 'Laborum quod vitae voluptatem qui. Reprehenderit explicabo aut dolores voluptatem iure sint maiores ut. Ut atque eligendi quia vel doloremque amet. Magnam debitis animi atque qui esse qui.', 3, '2020-01-19 23:40:54', '2020-01-19 23:40:54'),
(180, 27, 'Kacey Hodkiewicz IV', 'Et est temporibus ut in odit. Iusto cumque inventore natus cumque. Qui laboriosam beatae placeat similique facilis doloribus. Quisquam quos dignissimos adipisci placeat.', 0, '2020-01-19 23:40:54', '2020-01-19 23:40:54'),
(181, 29, 'Lawson Waelchi', 'Dolorem autem sit aliquam soluta perferendis. Labore aut et at harum. Repudiandae sed enim voluptatem dolorum.', 2, '2020-01-19 23:40:54', '2020-01-19 23:40:54'),
(182, 35, 'Ottis Bernier', 'Eos neque alias corporis vero ipsum ut recusandae fugiat. Sint magnam accusantium est harum necessitatibus. Aut et provident unde omnis illo eius. Quod et at quidem facilis aliquam. Et explicabo ipsum atque ut sit.', 0, '2020-01-19 23:40:54', '2020-01-19 23:40:54'),
(183, 7, 'Dr. Garnett Dibbert', 'Voluptatum illum reiciendis dolor dicta est ratione et rerum. Iure assumenda mollitia veritatis vitae. Illum sapiente quia quam ut non.', 2, '2020-01-19 23:40:54', '2020-01-19 23:40:54'),
(184, 43, 'Shayna Mitchell', 'Voluptatem optio ex laborum perferendis quia et. Sunt eveniet quia incidunt officiis. Dolorem quo velit reprehenderit.', 4, '2020-01-19 23:40:54', '2020-01-19 23:40:54'),
(185, 31, 'Alicia Vandervort', 'Accusantium est qui voluptate qui velit qui ab. Dignissimos nostrum voluptates aut rerum.', 1, '2020-01-19 23:40:54', '2020-01-19 23:40:54'),
(186, 13, 'Kylee Weimann', 'Hic qui dolor consequatur soluta. Aut incidunt nemo esse. Aut et et ut dicta eveniet nihil aut.', 2, '2020-01-19 23:40:54', '2020-01-19 23:40:54'),
(187, 30, 'Mr. Clement Bauch IV', 'Suscipit nihil nam omnis sit repudiandae. Magnam eum nulla autem. Facilis odit sed non fuga. Eos soluta veritatis minus adipisci.', 1, '2020-01-19 23:40:54', '2020-01-19 23:40:54'),
(188, 34, 'Rylan Kub', 'Perspiciatis esse qui id amet aut illum. Aut deleniti voluptatem velit voluptate quae. Id blanditiis maiores ea quis sit recusandae.', 1, '2020-01-19 23:40:54', '2020-01-19 23:40:54'),
(189, 36, 'Lucile Medhurst', 'Quam sed nisi est eligendi optio quo. Quidem unde et libero.', 4, '2020-01-19 23:40:54', '2020-01-19 23:40:54'),
(190, 4, 'Arden O\'Hara', 'Sapiente molestiae asperiores beatae nemo est consequatur tenetur at. Laboriosam minima eligendi voluptatem earum molestias tempora. Amet maxime vero assumenda unde vero cum repellat. Ea voluptas tempore distinctio nihil eaque amet sint.', 0, '2020-01-19 23:40:54', '2020-01-19 23:40:54'),
(191, 35, 'Trystan Nitzsche', 'Explicabo tempora aut eius quibusdam autem impedit et praesentium. Sunt incidunt autem quis rerum laudantium. Facere quia et esse. Sed molestiae eos veritatis accusantium soluta velit nesciunt. Molestias fugiat et sint eos molestiae vitae illo sit.', 2, '2020-01-19 23:40:54', '2020-01-19 23:40:54'),
(192, 12, 'Kianna Hudson', 'Blanditiis fugit quo eos non harum illum. Velit beatae rem provident. Voluptas est saepe rerum quia.', 2, '2020-01-19 23:40:54', '2020-01-19 23:40:54'),
(193, 34, 'Dr. Joshua McDermott I', 'Id provident mollitia totam qui corporis ducimus. Minima magnam nemo praesentium perspiciatis dolor. Voluptatem possimus voluptatem excepturi at.', 5, '2020-01-19 23:40:54', '2020-01-19 23:40:54'),
(194, 45, 'Gregorio Goldner', 'In sit similique ut consequatur. Quasi debitis quam qui ipsam ut dolor voluptatum. Odit eligendi dolores temporibus laboriosam qui dolore.', 1, '2020-01-19 23:40:54', '2020-01-19 23:40:54'),
(195, 8, 'Carolyn Aufderhar', 'Temporibus placeat sequi et. Dolores beatae aut quaerat similique in. Laboriosam reprehenderit ratione dignissimos officia est qui pariatur aut.', 4, '2020-01-19 23:40:54', '2020-01-19 23:40:54'),
(196, 2, 'Ms. Joelle Bergnaum', 'Perspiciatis aut culpa quis ut in. Dolorem neque beatae et fugiat doloremque molestias quis. Optio autem adipisci fugit assumenda delectus ullam odio. Rerum quia natus sit fugit illo asperiores eius rerum. Nostrum deserunt quia atque ducimus consequatur illum ea consequatur.', 4, '2020-01-19 23:40:54', '2020-01-19 23:40:54'),
(197, 38, 'Ms. Vincenza Wisozk DVM', 'Expedita id fugit ut incidunt. Neque possimus aliquam itaque omnis eaque eius quod. Aut in ipsa eos ut.', 1, '2020-01-19 23:40:54', '2020-01-19 23:40:54'),
(198, 18, 'Gabe Emard', 'Est voluptas provident amet possimus earum voluptatem quam. Consequatur pariatur occaecati quod velit illo assumenda. Sit eos distinctio perspiciatis aliquam.', 1, '2020-01-19 23:40:54', '2020-01-19 23:40:54'),
(199, 27, 'Delaney Bogisich', 'Ullam repudiandae voluptas id qui. Eos dolores cum et ad. Quis hic alias enim harum. Architecto mollitia earum excepturi qui autem.', 1, '2020-01-19 23:40:54', '2020-01-19 23:40:54'),
(200, 16, 'Prof. Else Wolf', 'Aperiam id impedit unde ipsa maxime sunt dolores. Minus amet et illum accusamus omnis dolor nostrum. Qui aut perspiciatis eveniet quaerat.', 5, '2020-01-19 23:40:54', '2020-01-19 23:40:54'),
(201, 9, 'Veda VonRueden', 'Cupiditate pariatur neque reiciendis dolore molestiae doloremque. Quas veritatis illo laudantium est. Et ad mollitia quo voluptas ea aut.', 0, '2020-01-19 23:40:54', '2020-01-19 23:40:54'),
(202, 22, 'Bennie Gleason DVM', 'Asperiores dolor sit quia explicabo. Sit libero voluptas iure expedita reprehenderit autem.', 1, '2020-01-19 23:40:54', '2020-01-19 23:40:54'),
(203, 39, 'Adonis Brekke', 'Qui praesentium tempora minus nostrum mollitia. Delectus fugit molestias possimus. Et tempora similique assumenda praesentium architecto. Consequatur et repellendus ut et esse. Impedit voluptates et alias dolor ea fugit.', 1, '2020-01-19 23:40:54', '2020-01-19 23:40:54'),
(204, 3, 'Heloise O\'Reilly', 'Voluptates porro harum quisquam quasi. Eos cum voluptas omnis dolore id voluptatem incidunt. Ullam dolores blanditiis nihil illo voluptas quibusdam. Blanditiis non voluptas dolores.', 2, '2020-01-19 23:40:54', '2020-01-19 23:40:54'),
(205, 15, 'Wilbert Tillman V', 'Et vel voluptate nihil autem. Quibusdam porro dolorem repellat natus quasi quos dolores.', 4, '2020-01-19 23:40:54', '2020-01-19 23:40:54'),
(206, 37, 'Wilma D\'Amore', 'Voluptatem quia nostrum voluptas voluptas recusandae consequuntur inventore. Nam saepe delectus sed expedita pariatur maxime asperiores. Quos laboriosam sint ullam sint ut. Maiores quasi odio recusandae. Id necessitatibus id dolore ea blanditiis.', 5, '2020-01-19 23:40:54', '2020-01-19 23:40:54'),
(207, 49, 'Betsy Weimann', 'Iure explicabo quam ut libero quasi explicabo. Quia dolores officia iusto facere repellendus adipisci sit. Delectus officiis in dolorum natus est.', 2, '2020-01-19 23:40:54', '2020-01-19 23:40:54'),
(208, 33, 'Patience Paucek', 'Iure voluptates aut earum corrupti eligendi quo quo. Ipsum dolores sed amet ipsa asperiores sit. Totam quos quaerat ad. Vel consequatur delectus et culpa.', 1, '2020-01-19 23:40:54', '2020-01-19 23:40:54'),
(209, 31, 'Jamil Rau MD', 'Sed nesciunt sequi non debitis sit beatae odio. Consequatur reprehenderit architecto distinctio tempora voluptatem. Qui eos et velit expedita similique.', 2, '2020-01-19 23:40:54', '2020-01-19 23:40:54'),
(210, 38, 'Kenya Oberbrunner', 'Doloremque est fugiat maxime atque odio eum expedita. Facilis aut aut perspiciatis dicta. Et et quidem enim nihil.', 5, '2020-01-19 23:40:54', '2020-01-19 23:40:54');
INSERT INTO `reviews` (`id`, `product_id`, `customer`, `review`, `star`, `created_at`, `updated_at`) VALUES
(211, 47, 'Corrine Gibson', 'Eligendi sint rem minima in. Ut blanditiis modi magnam modi quasi fugit minima. Ut sed ut ducimus laboriosam vel aut.', 0, '2020-01-19 23:40:54', '2020-01-19 23:40:54'),
(212, 5, 'Arianna Brown', 'Molestias quo excepturi maxime ut rerum quibusdam. Adipisci laborum sint itaque rerum blanditiis. Necessitatibus fugiat necessitatibus quibusdam voluptatem. Ut nulla tempora at qui repudiandae id.', 0, '2020-01-19 23:40:54', '2020-01-19 23:40:54'),
(213, 1, 'Jacinto DuBuque', 'Quia et quae enim est sunt suscipit. Dolorem eligendi omnis omnis enim. Soluta minima itaque ut. In ea molestiae et laudantium. Nihil non provident explicabo qui quo nihil.', 1, '2020-01-19 23:40:54', '2020-01-19 23:40:54'),
(214, 37, 'Vella Raynor', 'Natus facere est non maxime qui. Expedita molestiae ea illum. Ut hic itaque consequatur nemo.', 4, '2020-01-19 23:40:54', '2020-01-19 23:40:54'),
(215, 38, 'Lucile Ebert PhD', 'Voluptatem aut qui omnis assumenda nihil. Nihil reiciendis nobis itaque eum. Velit quasi maxime blanditiis aut eos numquam in.', 3, '2020-01-19 23:40:54', '2020-01-19 23:40:54'),
(216, 37, 'Prof. Keyon Hane II', 'Optio et et est ratione esse sed. Et exercitationem quo minus id optio nihil. Enim rerum nesciunt eius excepturi itaque temporibus. Eum veritatis ipsam voluptatum minima doloremque magni.', 0, '2020-01-19 23:40:54', '2020-01-19 23:40:54'),
(217, 25, 'Mr. Ola Spencer', 'Ratione omnis architecto quae maiores deserunt est sequi sed. Iure quod voluptas dicta quisquam placeat illo sequi sit. In libero sunt praesentium excepturi provident autem. Sit doloribus doloremque rerum molestias. Maxime architecto ea fugit sed laboriosam qui.', 3, '2020-01-19 23:40:54', '2020-01-19 23:40:54'),
(218, 41, 'Delia Kunde', 'Non voluptates minus voluptatibus excepturi quos a. Aut rerum iusto dolorem sapiente ut nostrum quibusdam.', 0, '2020-01-19 23:40:54', '2020-01-19 23:40:54'),
(219, 45, 'Felipa Wilkinson', 'Nihil dolor est sed totam similique molestiae. Amet quasi non veritatis ducimus sed. Molestias dolor placeat aperiam voluptate aut eius adipisci rerum.', 5, '2020-01-19 23:40:54', '2020-01-19 23:40:54'),
(220, 14, 'Niko Becker', 'Vel officia est excepturi. Quam qui et animi harum. Sed dignissimos dignissimos qui hic quam veritatis dicta. Sed et ad voluptatem perspiciatis qui alias alias.', 2, '2020-01-19 23:40:54', '2020-01-19 23:40:54'),
(221, 35, 'Maryam Hahn', 'Est qui corrupti et quo sit. Possimus voluptatibus nobis perspiciatis ipsam qui repellendus. Aut et molestiae impedit omnis ipsum est. Consectetur consequatur explicabo dolorem maiores quam.', 2, '2020-01-19 23:40:54', '2020-01-19 23:40:54'),
(222, 48, 'Margie Mertz', 'Possimus optio sed consectetur iusto. Neque consectetur fugit et quae suscipit porro ipsam. Tempora ipsam quam recusandae harum a quod provident.', 4, '2020-01-19 23:40:54', '2020-01-19 23:40:54'),
(223, 36, 'Dr. Fred Langosh V', 'Accusantium et quis quod sit itaque. Animi quis sapiente alias labore. Possimus dignissimos doloremque dicta ut molestiae quo tenetur. Rerum sunt ut quod dicta laudantium.', 1, '2020-01-19 23:40:54', '2020-01-19 23:40:54'),
(224, 46, 'Dr. Lance Russel DDS', 'Quis est numquam est. Vero quo fuga eum. Alias autem architecto suscipit voluptatem.', 5, '2020-01-19 23:40:54', '2020-01-19 23:40:54'),
(225, 32, 'Jocelyn Mosciski MD', 'Iusto blanditiis ducimus natus voluptas autem aut. Error atque voluptatem iure perspiciatis quaerat ut consequatur. Dolorem dolor reiciendis accusamus maiores velit tempore.', 2, '2020-01-19 23:40:54', '2020-01-19 23:40:54'),
(226, 26, 'Guido Waters', 'Sit consequatur quidem dolorem consequatur possimus eum. Rerum magni commodi id ut dicta ut. In expedita laborum molestias temporibus est. Nihil voluptatem ipsum omnis sit architecto soluta consequatur.', 4, '2020-01-19 23:40:54', '2020-01-19 23:40:54'),
(227, 47, 'Tia Greenholt DDS', 'Minima alias illo mollitia aperiam et. Et sed minus dolorem cum rerum perspiciatis voluptatem mollitia. Expedita ea cupiditate eos facilis doloremque.', 5, '2020-01-19 23:40:54', '2020-01-19 23:40:54'),
(228, 31, 'Steve Okuneva', 'Est distinctio consectetur reprehenderit qui nemo mollitia asperiores. Ipsam enim enim error. Consequatur accusantium voluptatem quos voluptatem cum eius.', 5, '2020-01-19 23:40:54', '2020-01-19 23:40:54'),
(229, 27, 'Mr. Joel Stroman V', 'Omnis nihil id aliquid eos non dolor aut. Ut a est fugit eveniet rerum laborum neque. Explicabo necessitatibus doloribus tempora molestias facilis. Sed eos autem occaecati dolores doloremque natus rerum.', 5, '2020-01-19 23:40:54', '2020-01-19 23:40:54'),
(230, 44, 'Meaghan Powlowski', 'Recusandae maiores omnis occaecati qui ducimus impedit. Quos quisquam rerum nulla voluptas. Rerum hic et laboriosam delectus tempore.', 0, '2020-01-19 23:40:54', '2020-01-19 23:40:54'),
(231, 38, 'Joey Boyer', 'Sunt sunt omnis dolorem eum ut et ex. Corrupti error doloremque deleniti porro ut est. Reiciendis cumque magni at eveniet.', 3, '2020-01-19 23:40:54', '2020-01-19 23:40:54'),
(232, 23, 'Dr. Ervin Ziemann', 'Aut eos eaque unde voluptatem in quae nostrum cupiditate. Quasi dolores ut expedita ea vel aperiam. Et eaque optio non reiciendis recusandae et cupiditate est. Quidem assumenda ea repellendus officia voluptas nobis.', 1, '2020-01-19 23:40:54', '2020-01-19 23:40:54'),
(233, 48, 'Mr. Duncan Schmidt Jr.', 'Minima voluptatem numquam quo cupiditate excepturi laboriosam et. Quia doloremque ut commodi dolor laudantium ratione maxime. Dolores doloremque quidem ab. Culpa laborum et voluptate aspernatur in.', 0, '2020-01-19 23:40:54', '2020-01-19 23:40:54'),
(234, 12, 'Jaylan Crist', 'Fugit dolore porro repudiandae qui. Eos eaque rerum delectus quae aut perspiciatis. Modi numquam eos officia cum et consequatur non. Eligendi alias aut nesciunt vero quia aut delectus.', 1, '2020-01-19 23:40:54', '2020-01-19 23:40:54'),
(235, 48, 'Lorena Kirlin', 'Maiores sequi excepturi in dolore minus corporis. Numquam nemo unde sed quis. Ipsam neque eveniet omnis enim error voluptas ut.', 3, '2020-01-19 23:40:54', '2020-01-19 23:40:54'),
(236, 14, 'Maymie Rutherford', 'Mollitia tenetur quasi natus est rerum. Repellendus quisquam voluptate rerum fuga modi quo. Animi dolor vel minima assumenda qui.', 1, '2020-01-19 23:40:54', '2020-01-19 23:40:54'),
(237, 6, 'Toy Balistreri', 'Quasi exercitationem ipsam architecto dolores. Labore ea inventore quod deserunt. Voluptatibus consequatur debitis facilis pariatur ad minima nihil.', 1, '2020-01-19 23:40:54', '2020-01-19 23:40:54'),
(238, 38, 'Mr. Luis Feest', 'Sed ab impedit dicta ratione maiores vel deserunt. Et quo ut vero vel ducimus ut quis. Voluptas et dolor est consequatur. Praesentium et omnis alias distinctio pariatur ad.', 4, '2020-01-19 23:40:54', '2020-01-19 23:40:54'),
(239, 31, 'Amelia Gutmann', 'Quia enim qui vero. Autem fugiat est commodi voluptas sint. Et tempore perspiciatis rerum autem.', 2, '2020-01-19 23:40:54', '2020-01-19 23:40:54'),
(240, 14, 'Liliane Rohan', 'Optio consectetur amet culpa omnis voluptatem. Aut voluptas numquam ea sit delectus. Quia ab sint inventore aliquid quam dolorem. Numquam nihil architecto fugit.', 4, '2020-01-19 23:40:54', '2020-01-19 23:40:54'),
(241, 48, 'Jamie Hansen', 'Et nam dolorem consequatur consectetur debitis eos. Exercitationem quod laborum et tenetur quidem. Neque vitae suscipit aspernatur expedita perferendis at. Est sed quod necessitatibus explicabo illo nesciunt.', 2, '2020-01-19 23:40:54', '2020-01-19 23:40:54'),
(242, 44, 'Dianna Bergnaum III', 'Rerum consequatur enim ratione tempora. Odit est qui reiciendis ut et molestias. Est error aliquid quas dolor nulla. Quae exercitationem voluptates quidem veniam possimus suscipit ea pariatur. Et quod culpa praesentium sit quia necessitatibus deleniti.', 5, '2020-01-19 23:40:54', '2020-01-19 23:40:54'),
(243, 30, 'Lily Hyatt', 'Unde beatae maiores eos explicabo qui id. Nobis ut incidunt repellendus quibusdam aliquid vel nulla. Aliquam commodi quam quasi qui. Mollitia rerum blanditiis aut molestiae. Est sed id odio mollitia recusandae nostrum.', 4, '2020-01-19 23:40:54', '2020-01-19 23:40:54'),
(244, 32, 'Chesley Beier', 'Dolores distinctio saepe iste eaque saepe. Velit earum doloribus perferendis aspernatur. Rem eos sapiente voluptate ratione quasi veritatis corrupti. Accusantium unde molestiae mollitia ut officia ullam. Et iste nobis eveniet assumenda est id.', 4, '2020-01-19 23:40:54', '2020-01-19 23:40:54'),
(245, 38, 'Triston Dickinson DDS', 'Repudiandae ipsum voluptas laborum maiores. Modi dignissimos et et accusantium. Cumque placeat et illo sed nesciunt. Quis ab ullam et amet. Rerum aperiam rem aliquam optio.', 4, '2020-01-19 23:40:54', '2020-01-19 23:40:54'),
(246, 49, 'Cristian Vandervort', 'Nostrum natus vel voluptates in porro nisi. Doloribus voluptatum itaque ea atque. Non ex non assumenda dolorem dicta odio ipsa. Soluta unde recusandae impedit. Et maxime qui deserunt molestiae.', 5, '2020-01-19 23:40:54', '2020-01-19 23:40:54'),
(247, 18, 'Nathen Wintheiser', 'Id ad error quam vel id. Voluptatum veritatis nobis reiciendis quas fugit. Maiores voluptatibus eum eveniet.', 1, '2020-01-19 23:40:54', '2020-01-19 23:40:54'),
(248, 24, 'Allen Lindgren', 'Ut tempore vitae enim earum dolore quae ut voluptatibus. Error sit quae quas. Nobis id dolores numquam quia ratione.', 5, '2020-01-19 23:40:54', '2020-01-19 23:40:54'),
(249, 33, 'Valentine Jacobi', 'Non pariatur omnis velit unde perferendis ipsum. Sed soluta est modi sint autem tempore consequuntur. Est earum numquam est id eligendi architecto quam ex.', 5, '2020-01-19 23:40:54', '2020-01-19 23:40:54'),
(250, 5, 'Erika Rempel', 'Dignissimos repellendus id et et error totam odit repudiandae. Quibusdam dignissimos vel non ipsum doloribus necessitatibus. Quia in recusandae sit nulla et et sapiente. Sit consectetur ut qui nobis doloremque sint est et.', 4, '2020-01-19 23:40:54', '2020-01-19 23:40:54'),
(251, 2, 'Moshe Donnelly', 'Ratione sequi neque excepturi. Est voluptatem eligendi quas harum saepe.', 2, '2020-01-19 23:40:54', '2020-01-19 23:40:54'),
(252, 39, 'Madisen Hyatt', 'Ea non provident velit qui est amet dolore. Aut nulla accusamus aut tempora. Accusantium minus repellendus et optio hic excepturi natus nihil. Possimus reprehenderit voluptatem dolorem asperiores vero voluptatem.', 4, '2020-01-19 23:40:54', '2020-01-19 23:40:54'),
(253, 36, 'Dr. Frankie Bosco', 'Occaecati minus ut quia libero. Impedit voluptatibus quod ea est sed. Rem architecto facere ut et. Cumque ut ab laudantium quis quo.', 0, '2020-01-19 23:40:54', '2020-01-19 23:40:54'),
(254, 30, 'London Okuneva', 'Voluptatibus id quis ut. Aspernatur et soluta quam amet aut est. Omnis dolor at maiores est nihil quia.', 3, '2020-01-19 23:40:54', '2020-01-19 23:40:54'),
(255, 20, 'Elliot Pagac V', 'Ad laboriosam dicta vel praesentium aut quia eligendi. Nemo sit quaerat facilis blanditiis reprehenderit deserunt. Facere et quaerat qui.', 2, '2020-01-19 23:40:54', '2020-01-19 23:40:54'),
(256, 26, 'Audreanne Kerluke', 'Consectetur natus molestiae itaque qui itaque. Deleniti itaque consectetur consequatur explicabo sed fuga cum. Vitae aut ipsa vel facilis porro.', 4, '2020-01-19 23:40:54', '2020-01-19 23:40:54'),
(257, 11, 'Leda Beatty', 'Et ipsum culpa quod sint et. Illum possimus eius sed dolores est. Qui delectus sapiente velit. Aspernatur id qui quia.', 1, '2020-01-19 23:40:54', '2020-01-19 23:40:54'),
(258, 37, 'Marilou McKenzie', 'In corrupti commodi at impedit soluta. Rerum harum ut ex voluptatibus consequatur impedit ex nam. Et commodi quis sit doloribus. Vel nemo hic ipsum et laudantium suscipit voluptatem.', 2, '2020-01-19 23:40:54', '2020-01-19 23:40:54'),
(259, 40, 'Fatima Lindgren III', 'Ad eaque molestiae eos enim saepe sit maxime. Quod facere ratione laboriosam rerum eos voluptas nam. Tempore ipsa quis deleniti sint sed.', 2, '2020-01-19 23:40:55', '2020-01-19 23:40:55'),
(260, 9, 'Shea Hodkiewicz', 'Cumque voluptas tempore reprehenderit. Aut quis commodi tenetur omnis. Magnam vel est optio ad et molestiae. Dignissimos similique ipsam minus. Illum ut tenetur ea nobis quia.', 4, '2020-01-19 23:40:55', '2020-01-19 23:40:55'),
(261, 11, 'Miss Layla Hilpert V', 'Ut corporis repellendus consequatur quos similique quaerat eligendi odit. Est deleniti tenetur officia dolor. Quibusdam itaque consectetur officia quo. Libero doloribus minima alias earum quia non.', 3, '2020-01-19 23:40:55', '2020-01-19 23:40:55'),
(262, 34, 'Kyra O\'Hara', 'Debitis et et ducimus. Provident atque cumque repellat facere. Possimus saepe nam ea alias magnam. Iure est mollitia ex nihil placeat sed inventore. Exercitationem et suscipit sed magnam quaerat veniam.', 2, '2020-01-19 23:40:55', '2020-01-19 23:40:55'),
(263, 37, 'Tre Wuckert', 'Ut nostrum maxime velit officia est. Eius voluptatum et at et consectetur est.', 4, '2020-01-19 23:40:55', '2020-01-19 23:40:55'),
(264, 18, 'Elmo Rodriguez', 'Accusantium omnis aliquam nulla ut temporibus sapiente laborum. Debitis sed consequatur aut. Ab est blanditiis perspiciatis qui ex quasi iste nam.', 2, '2020-01-19 23:40:55', '2020-01-19 23:40:55'),
(265, 29, 'Tamia Robel', 'Culpa soluta at quam et. Qui sit et molestias ab doloremque hic quia. Velit minus tenetur debitis eveniet deserunt autem.', 1, '2020-01-19 23:40:55', '2020-01-19 23:40:55'),
(266, 34, 'Daniella Lind', 'Temporibus excepturi ut inventore ut voluptatem repellat. Earum est deserunt voluptas et beatae fugiat quia. Et omnis in consequatur.', 3, '2020-01-19 23:40:55', '2020-01-19 23:40:55'),
(267, 25, 'Prof. Gabriella Dickinson Sr.', 'Dolorem tempora consequuntur voluptas aut molestiae suscipit ducimus. Dolores laudantium natus totam aut repudiandae perferendis. Rerum et voluptatum labore qui. Est voluptatem tempore quam consequatur est a.', 0, '2020-01-19 23:40:55', '2020-01-19 23:40:55'),
(268, 14, 'Dedric Herzog', 'Qui molestiae in incidunt magnam officiis neque autem. Et est ut nihil ab commodi. Id modi qui a aut alias fugit ut.', 5, '2020-01-19 23:40:55', '2020-01-19 23:40:55'),
(269, 27, 'Macy Vandervort', 'Eius nostrum expedita dolorem ex in. Et illum molestiae suscipit atque ut. Distinctio at qui corporis facilis rem eius.', 3, '2020-01-19 23:40:55', '2020-01-19 23:40:55'),
(270, 32, 'Fermin Cummerata', 'Sint facere nostrum nesciunt non eos. Sit ab aut odit minima aperiam qui. Ipsam dolor vel fugit. Quos sed et autem quam.', 5, '2020-01-19 23:40:55', '2020-01-19 23:40:55'),
(271, 50, 'Marquise Grant', 'Omnis vel sit qui corporis illo. Qui dolorem quidem dolor omnis.', 5, '2020-01-19 23:40:55', '2020-01-19 23:40:55'),
(272, 4, 'Dr. Dameon Schultz', 'Pariatur unde et et nostrum consequatur neque. Qui ad exercitationem sint eum. Omnis necessitatibus id voluptatem sapiente sed nostrum non.', 0, '2020-01-19 23:40:55', '2020-01-19 23:40:55'),
(273, 20, 'Sylvester Wisozk II', 'Aliquam dolorem ea ullam. Eum illo nihil illo error amet nisi. Sit et sint non inventore qui aut. Ut facilis quas occaecati culpa nihil.', 2, '2020-01-19 23:40:55', '2020-01-19 23:40:55'),
(274, 47, 'Mr. Zack Abbott III', 'Deleniti cupiditate quos rerum facere libero non qui. Nulla aut eius consequatur ut. Voluptas praesentium ut impedit eos rerum placeat. Beatae animi tenetur perferendis numquam in. Fugiat sit earum quibusdam.', 1, '2020-01-19 23:40:55', '2020-01-19 23:40:55'),
(275, 37, 'Reta Marks', 'Voluptatem perspiciatis iusto exercitationem consequatur sed aspernatur. Ipsum quo cumque quo nisi. Corporis quidem nostrum cumque doloremque.', 3, '2020-01-19 23:40:55', '2020-01-19 23:40:55'),
(276, 22, 'Jazmin Harvey', 'Rem delectus provident id rem aspernatur quas voluptatem. Nostrum autem qui voluptatem in. Ab ab vel sint doloremque veritatis repellendus error.', 1, '2020-01-19 23:40:55', '2020-01-19 23:40:55'),
(277, 34, 'Boyd Goyette', 'Repellendus consectetur id illum illum occaecati. Voluptatem debitis est quo voluptatibus rerum et.', 2, '2020-01-19 23:40:55', '2020-01-19 23:40:55'),
(278, 39, 'Adan Ortiz II', 'Dicta et qui aut qui eveniet ratione ut. Ut dolor rerum quo corrupti repellendus at delectus. Veniam est non dolor ad aut temporibus. Id architecto et et sed a ipsam doloremque.', 2, '2020-01-19 23:40:55', '2020-01-19 23:40:55'),
(279, 19, 'Lourdes Schaden', 'Qui voluptas ut similique ut ipsam. Atque eum vero est aspernatur dolor. Eaque libero neque esse provident hic vel.', 1, '2020-01-19 23:40:55', '2020-01-19 23:40:55'),
(280, 15, 'Nikki Kreiger', 'Nihil aspernatur est quidem voluptas ut. Delectus doloremque omnis eum corrupti. Sunt fugit adipisci atque voluptatem necessitatibus quia voluptas.', 1, '2020-01-19 23:40:55', '2020-01-19 23:40:55'),
(281, 38, 'Justine Dooley', 'Libero vel eius qui temporibus. Beatae ut quod error et labore. Nobis eum autem sint laudantium. Nulla consectetur repellat odio dolorem quia odio.', 3, '2020-01-19 23:40:55', '2020-01-19 23:40:55'),
(282, 23, 'Hattie Weimann', 'Sed quos nemo velit dolores tempore debitis. Voluptates voluptatem pariatur quidem nihil et vitae. Ipsam aliquid magni sit quia accusamus. Consectetur rem nisi dicta porro provident eligendi.', 1, '2020-01-19 23:40:55', '2020-01-19 23:40:55'),
(283, 19, 'Geraldine Metz', 'Alias error et distinctio qui et enim rerum. Commodi deleniti fugit nulla. Omnis et magnam tenetur a.', 2, '2020-01-19 23:40:55', '2020-01-19 23:40:55'),
(284, 24, 'Gunnar Hermiston', 'Nam recusandae cum error natus. Esse ea quos est doloribus facere molestiae. Optio officiis qui repellat odio. Amet consequuntur optio debitis quidem iste.', 3, '2020-01-19 23:40:55', '2020-01-19 23:40:55'),
(285, 24, 'Mikel Reinger', 'Nemo dignissimos et eligendi deleniti aut alias qui. Facilis corrupti atque quam veritatis voluptatem ipsum distinctio. Qui pariatur voluptatem ullam velit assumenda rem.', 5, '2020-01-19 23:40:55', '2020-01-19 23:40:55'),
(286, 14, 'Roderick Effertz', 'Expedita nihil architecto facilis enim. Corrupti sunt veritatis eaque exercitationem omnis. Vitae illo et consequatur laboriosam iure in. Veniam ut nostrum error maiores. Sit eos sunt at quasi.', 4, '2020-01-19 23:40:55', '2020-01-19 23:40:55'),
(287, 10, 'Wellington Balistreri', 'Libero rem maiores ut est ea mollitia et labore. Repudiandae ut nihil enim est dolores sit fuga. Illum atque consequatur nemo et.', 3, '2020-01-19 23:40:55', '2020-01-19 23:40:55'),
(288, 21, 'Hildegard Boyle', 'Non nihil tempora voluptatibus. Illo ad natus autem aut cumque tempore. Maxime suscipit et ab dolor. Iusto itaque et autem veritatis rerum illum sit.', 3, '2020-01-19 23:40:55', '2020-01-19 23:40:55'),
(289, 20, 'Bertha Kuhlman', 'Officiis et explicabo fugit ut minima quibusdam. Dolores nihil quia inventore deleniti quisquam totam. Illum voluptatem eligendi itaque odio commodi eos sapiente eum. Omnis hic eius expedita accusantium.', 5, '2020-01-19 23:40:55', '2020-01-19 23:40:55'),
(290, 45, 'Prof. Hector Jerde', 'Et voluptatem architecto minus consequatur. Expedita rerum porro voluptatum quisquam molestiae deleniti adipisci. Ipsum omnis dolor nisi illo animi dolores nulla. Quia vel ullam veniam nihil impedit.', 0, '2020-01-19 23:40:55', '2020-01-19 23:40:55'),
(291, 25, 'Dr. Jess Wisoky MD', 'Tenetur beatae sunt aliquid iusto reiciendis at delectus et. Eum nisi sunt et vel tempora. Eius ea veritatis aspernatur voluptas.', 0, '2020-01-19 23:40:55', '2020-01-19 23:40:55'),
(292, 2, 'Ari Raynor', 'Officia veniam molestias beatae similique. Consequuntur quas ea nobis qui doloremque quaerat. Autem assumenda culpa quaerat sed neque ut. Ut consequuntur quo assumenda non perspiciatis quam fuga.', 3, '2020-01-19 23:40:55', '2020-01-19 23:40:55'),
(293, 48, 'Prof. Broderick Fisher', 'Autem voluptas aspernatur sint nam. Voluptate odio ut consequuntur enim omnis. Quisquam provident et hic. Assumenda ratione deleniti commodi quia est qui nisi.', 4, '2020-01-19 23:40:55', '2020-01-19 23:40:55'),
(294, 17, 'Mrs. Sabryna Kuhn IV', 'Incidunt optio sint omnis rerum hic. Eveniet hic soluta incidunt. Ut dolore vitae facilis perferendis nihil. Quam quidem voluptas aliquid at id. Error voluptatibus rerum quas a perferendis.', 3, '2020-01-19 23:40:55', '2020-01-19 23:40:55'),
(295, 49, 'Marcelo Hyatt', 'Cumque illum libero qui natus nihil aliquam dignissimos. Sit quam ut vero voluptatum. Ut reprehenderit nemo voluptate perspiciatis et rerum quis cum.', 2, '2020-01-19 23:40:55', '2020-01-19 23:40:55'),
(296, 3, 'Cale Wintheiser', 'Aliquam nisi alias eius id ex eum quis. Velit facilis qui ipsa tempore sint aperiam. Numquam animi quos et pariatur temporibus laborum et ex.', 0, '2020-01-19 23:40:55', '2020-01-19 23:40:55'),
(297, 2, 'Dr. Lorenz Wintheiser', 'Deserunt dolorem similique atque aspernatur. Fugiat culpa quo non quia placeat commodi voluptatibus. Quo dignissimos blanditiis rem aliquam rerum corrupti.', 1, '2020-01-19 23:40:55', '2020-01-19 23:40:55'),
(298, 22, 'Tiffany Daugherty', 'Quas et reiciendis mollitia commodi aperiam est optio asperiores. Et omnis voluptatem facilis. Ipsa voluptatem sit qui adipisci architecto. Voluptatum maiores asperiores cum ut ullam labore perspiciatis.', 0, '2020-01-19 23:40:55', '2020-01-19 23:40:55'),
(299, 34, 'Cecilia Bailey', 'Explicabo eaque et eum. Numquam provident aperiam voluptates sunt ipsam repellendus. Modi voluptatem voluptatem eos ad fugiat illum at. Libero quia et officia laborum consequatur repellendus architecto.', 4, '2020-01-19 23:40:55', '2020-01-19 23:40:55'),
(300, 25, 'Prof. Green Kunde Jr.', 'Atque ullam labore tempora amet pariatur nulla temporibus. Ab aliquam laudantium aut enim molestiae vero molestiae. Maiores sapiente rerum ut sequi harum non. Culpa odit enim suscipit rerum quam sed est.', 3, '2020-01-19 23:40:55', '2020-01-19 23:40:55');

-- --------------------------------------------------------

--
-- Table structure for table `users`
--

CREATE TABLE `users` (
  `id` bigint(20) UNSIGNED NOT NULL,
  `name` varchar(255) COLLATE utf8mb4_unicode_ci NOT NULL,
  `email` varchar(255) COLLATE utf8mb4_unicode_ci NOT NULL,
  `email_verified_at` timestamp NULL DEFAULT NULL,
  `password` varchar(255) COLLATE utf8mb4_unicode_ci NOT NULL,
  `remember_token` varchar(100) COLLATE utf8mb4_unicode_ci DEFAULT NULL,
  `created_at` timestamp NULL DEFAULT NULL,
  `updated_at` timestamp NULL DEFAULT NULL
) ENGINE=InnoDB DEFAULT CHARSET=utf8mb4 COLLATE=utf8mb4_unicode_ci;

--
-- Indexes for dumped tables
--

--
-- Indexes for table `failed_jobs`
--
ALTER TABLE `failed_jobs`
  ADD PRIMARY KEY (`id`);

--
-- Indexes for table `migrations`
--
ALTER TABLE `migrations`
  ADD PRIMARY KEY (`id`);

--
-- Indexes for table `password_resets`
--
ALTER TABLE `password_resets`
  ADD KEY `password_resets_email_index` (`email`);

--
-- Indexes for table `products`
--
ALTER TABLE `products`
  ADD PRIMARY KEY (`id`);

--
-- Indexes for table `reviews`
--
ALTER TABLE `reviews`
  ADD PRIMARY KEY (`id`);

--
-- Indexes for table `users`
--
ALTER TABLE `users`
  ADD PRIMARY KEY (`id`),
  ADD UNIQUE KEY `users_email_unique` (`email`);

--
-- AUTO_INCREMENT for dumped tables
--

--
-- AUTO_INCREMENT for table `failed_jobs`
--
ALTER TABLE `failed_jobs`
  MODIFY `id` bigint(20) UNSIGNED NOT NULL AUTO_INCREMENT;

--
-- AUTO_INCREMENT for table `migrations`
--
ALTER TABLE `migrations`
  MODIFY `id` int(10) UNSIGNED NOT NULL AUTO_INCREMENT, AUTO_INCREMENT=5;

--
-- AUTO_INCREMENT for table `products`
--
ALTER TABLE `products`
  MODIFY `id` int(10) UNSIGNED NOT NULL AUTO_INCREMENT, AUTO_INCREMENT=51;

--
-- AUTO_INCREMENT for table `reviews`
--
ALTER TABLE `reviews`
  MODIFY `id` int(10) UNSIGNED NOT NULL AUTO_INCREMENT, AUTO_INCREMENT=301;

--
-- AUTO_INCREMENT for table `users`
--
ALTER TABLE `users`
  MODIFY `id` bigint(20) UNSIGNED NOT NULL AUTO_INCREMENT;
COMMIT;

/*!40101 SET CHARACTER_SET_CLIENT=@OLD_CHARACTER_SET_CLIENT */;
/*!40101 SET CHARACTER_SET_RESULTS=@OLD_CHARACTER_SET_RESULTS */;
/*!40101 SET COLLATION_CONNECTION=@OLD_COLLATION_CONNECTION */;
